/usr/local/share/pdk/sky130A/libs.ref/sky130_fd_sc_hd/verilog/sky130_fd_sc_hd.v:1160: warning: Choosing typ expression.
/usr/local/share/pdk/sky130A/libs.ref/sky130_fd_sc_hd/verilog/sky130_fd_sc_hd.v:1160: warning: Choosing typ expression.
/usr/local/share/pdk/sky130A/libs.ref/sky130_fd_sc_hd/verilog/sky130_fd_sc_hd.v:1161: warning: Choosing typ expression.
/usr/local/share/pdk/sky130A/libs.ref/sky130_fd_sc_hd/verilog/sky130_fd_sc_hd.v:1161: warning: Choosing typ expression.
/usr/local/share/pdk/sky130A/libs.ref/sky130_fd_sc_hd/verilog/sky130_fd_sc_hd.v:1162: warning: Choosing typ expression.
/usr/local/share/pdk/sky130A/libs.ref/sky130_fd_sc_hd/verilog/sky130_fd_sc_hd.v:1162: warning: Choosing typ expression.
/usr/local/share/pdk/sky130A/libs.ref/sky130_fd_sc_hd/verilog/sky130_fd_sc_hd.v:1163: warning: Choosing typ expression.
/usr/local/share/pdk/sky130A/libs.ref/sky130_fd_sc_hd/verilog/sky130_fd_sc_hd.v:1163: warning: Choosing typ expression.
/usr/local/share/pdk/sky130A/libs.ref/sky130_fd_sc_hd/verilog/sky130_fd_sc_hd.v:1164: warning: Choosing typ expression.
/usr/local/share/pdk/sky130A/libs.ref/sky130_fd_sc_hd/verilog/sky130_fd_sc_hd.v:1164: warning: Choosing typ expression.
/usr/local/share/pdk/sky130A/libs.ref/sky130_fd_sc_hd/verilog/sky130_fd_sc_hd.v:44983: warning: Timing checks are not supported and delayed signal "SET_B_delayed" will not be driven.
/usr/local/share/pdk/sky130A/libs.ref/sky130_fd_sc_hd/verilog/sky130_fd_sc_hd.v:44983: warning: Timing checks are not supported and delayed signal "CLK_N_delayed" will not be driven.
/usr/local/share/pdk/sky130A/libs.ref/sky130_fd_sc_hd/verilog/sky130_fd_sc_hd.v:44984: warning: Timing checks are not supported and delayed signal "RESET_B_delayed" will not be driven.
/usr/local/share/pdk/sky130A/libs.ref/sky130_fd_sc_hd/verilog/sky130_fd_sc_hd.v:44984: warning: Timing checks are not supported and delayed signal "CLK_N_delayed" will not be driven.
/usr/local/share/pdk/sky130A/libs.ref/sky130_fd_sc_hd/verilog/sky130_fd_sc_hd.v:44985: warning: Timing checks are not supported and delayed signal "CLK_N_delayed" will not be driven.
/usr/local/share/pdk/sky130A/libs.ref/sky130_fd_sc_hd/verilog/sky130_fd_sc_hd.v:44985: warning: Timing checks are not supported and delayed signal "D_delayed" will not be driven.
/usr/local/share/pdk/sky130A/libs.ref/sky130_fd_sc_hd/verilog/sky130_fd_sc_hd.v:44986: warning: Timing checks are not supported and delayed signal "CLK_N_delayed" will not be driven.
/usr/local/share/pdk/sky130A/libs.ref/sky130_fd_sc_hd/verilog/sky130_fd_sc_hd.v:44986: warning: Timing checks are not supported and delayed signal "D_delayed" will not be driven.
/usr/local/share/pdk/sky130A/libs.ref/sky130_fd_sc_hd/verilog/sky130_fd_sc_hd.v:44987: warning: Timing checks are not supported and delayed signal "SET_B_delayed" will not be driven.
/usr/local/share/pdk/sky130A/libs.ref/sky130_fd_sc_hd/verilog/sky130_fd_sc_hd.v:44987: warning: Timing checks are not supported and delayed signal "RESET_B_delayed" will not be driven.
/usr/local/share/pdk/sky130A/libs.ref/sky130_fd_sc_hd/verilog/sky130_fd_sc_hd.v:44988: warning: Timing checks are not supported and delayed signal "RESET_B_delayed" will not be driven.
/usr/local/share/pdk/sky130A/libs.ref/sky130_fd_sc_hd/verilog/sky130_fd_sc_hd.v:44988: warning: Timing checks are not supported and delayed signal "SET_B_delayed" will not be driven.
/usr/local/share/pdk/sky130A/libs.ref/sky130_fd_sc_hd/verilog/sky130_fd_sc_hd.v:45404: warning: Timing checks are not supported and delayed signal "SET_B_delayed" will not be driven.
/usr/local/share/pdk/sky130A/libs.ref/sky130_fd_sc_hd/verilog/sky130_fd_sc_hd.v:45404: warning: Timing checks are not supported and delayed signal "CLK_N_delayed" will not be driven.
/usr/local/share/pdk/sky130A/libs.ref/sky130_fd_sc_hd/verilog/sky130_fd_sc_hd.v:45405: warning: Timing checks are not supported and delayed signal "RESET_B_delayed" will not be driven.
/usr/local/share/pdk/sky130A/libs.ref/sky130_fd_sc_hd/verilog/sky130_fd_sc_hd.v:45405: warning: Timing checks are not supported and delayed signal "CLK_N_delayed" will not be driven.
/usr/local/share/pdk/sky130A/libs.ref/sky130_fd_sc_hd/verilog/sky130_fd_sc_hd.v:45406: warning: Timing checks are not supported and delayed signal "CLK_N_delayed" will not be driven.
/usr/local/share/pdk/sky130A/libs.ref/sky130_fd_sc_hd/verilog/sky130_fd_sc_hd.v:45406: warning: Timing checks are not supported and delayed signal "D_delayed" will not be driven.
/usr/local/share/pdk/sky130A/libs.ref/sky130_fd_sc_hd/verilog/sky130_fd_sc_hd.v:45407: warning: Timing checks are not supported and delayed signal "CLK_N_delayed" will not be driven.
/usr/local/share/pdk/sky130A/libs.ref/sky130_fd_sc_hd/verilog/sky130_fd_sc_hd.v:45407: warning: Timing checks are not supported and delayed signal "D_delayed" will not be driven.
/usr/local/share/pdk/sky130A/libs.ref/sky130_fd_sc_hd/verilog/sky130_fd_sc_hd.v:45408: warning: Timing checks are not supported and delayed signal "SET_B_delayed" will not be driven.
/usr/local/share/pdk/sky130A/libs.ref/sky130_fd_sc_hd/verilog/sky130_fd_sc_hd.v:45408: warning: Timing checks are not supported and delayed signal "RESET_B_delayed" will not be driven.
/usr/local/share/pdk/sky130A/libs.ref/sky130_fd_sc_hd/verilog/sky130_fd_sc_hd.v:45409: warning: Timing checks are not supported and delayed signal "RESET_B_delayed" will not be driven.
/usr/local/share/pdk/sky130A/libs.ref/sky130_fd_sc_hd/verilog/sky130_fd_sc_hd.v:45409: warning: Timing checks are not supported and delayed signal "SET_B_delayed" will not be driven.
/usr/local/share/pdk/sky130A/libs.ref/sky130_fd_sc_hd/verilog/sky130_fd_sc_hd.v:45817: warning: Timing checks are not supported and delayed signal "SET_B_delayed" will not be driven.
/usr/local/share/pdk/sky130A/libs.ref/sky130_fd_sc_hd/verilog/sky130_fd_sc_hd.v:45817: warning: Timing checks are not supported and delayed signal "CLK_delayed" will not be driven.
/usr/local/share/pdk/sky130A/libs.ref/sky130_fd_sc_hd/verilog/sky130_fd_sc_hd.v:45818: warning: Timing checks are not supported and delayed signal "RESET_B_delayed" will not be driven.
/usr/local/share/pdk/sky130A/libs.ref/sky130_fd_sc_hd/verilog/sky130_fd_sc_hd.v:45818: warning: Timing checks are not supported and delayed signal "CLK_delayed" will not be driven.
/usr/local/share/pdk/sky130A/libs.ref/sky130_fd_sc_hd/verilog/sky130_fd_sc_hd.v:45819: warning: Timing checks are not supported and delayed signal "CLK_delayed" will not be driven.
/usr/local/share/pdk/sky130A/libs.ref/sky130_fd_sc_hd/verilog/sky130_fd_sc_hd.v:45819: warning: Timing checks are not supported and delayed signal "D_delayed" will not be driven.
/usr/local/share/pdk/sky130A/libs.ref/sky130_fd_sc_hd/verilog/sky130_fd_sc_hd.v:45820: warning: Timing checks are not supported and delayed signal "CLK_delayed" will not be driven.
/usr/local/share/pdk/sky130A/libs.ref/sky130_fd_sc_hd/verilog/sky130_fd_sc_hd.v:45820: warning: Timing checks are not supported and delayed signal "D_delayed" will not be driven.
/usr/local/share/pdk/sky130A/libs.ref/sky130_fd_sc_hd/verilog/sky130_fd_sc_hd.v:45821: warning: Timing checks are not supported and delayed signal "SET_B_delayed" will not be driven.
/usr/local/share/pdk/sky130A/libs.ref/sky130_fd_sc_hd/verilog/sky130_fd_sc_hd.v:45821: warning: Timing checks are not supported and delayed signal "RESET_B_delayed" will not be driven.
/usr/local/share/pdk/sky130A/libs.ref/sky130_fd_sc_hd/verilog/sky130_fd_sc_hd.v:45822: warning: Timing checks are not supported and delayed signal "RESET_B_delayed" will not be driven.
/usr/local/share/pdk/sky130A/libs.ref/sky130_fd_sc_hd/verilog/sky130_fd_sc_hd.v:45822: warning: Timing checks are not supported and delayed signal "SET_B_delayed" will not be driven.
/usr/local/share/pdk/sky130A/libs.ref/sky130_fd_sc_hd/verilog/sky130_fd_sc_hd.v:46193: warning: Timing checks are not supported and delayed signal "RESET_B_delayed" will not be driven.
/usr/local/share/pdk/sky130A/libs.ref/sky130_fd_sc_hd/verilog/sky130_fd_sc_hd.v:46193: warning: Timing checks are not supported and delayed signal "CLK_delayed" will not be driven.
/usr/local/share/pdk/sky130A/libs.ref/sky130_fd_sc_hd/verilog/sky130_fd_sc_hd.v:46194: warning: Timing checks are not supported and delayed signal "CLK_delayed" will not be driven.
/usr/local/share/pdk/sky130A/libs.ref/sky130_fd_sc_hd/verilog/sky130_fd_sc_hd.v:46194: warning: Timing checks are not supported and delayed signal "D_delayed" will not be driven.
/usr/local/share/pdk/sky130A/libs.ref/sky130_fd_sc_hd/verilog/sky130_fd_sc_hd.v:46195: warning: Timing checks are not supported and delayed signal "CLK_delayed" will not be driven.
/usr/local/share/pdk/sky130A/libs.ref/sky130_fd_sc_hd/verilog/sky130_fd_sc_hd.v:46195: warning: Timing checks are not supported and delayed signal "D_delayed" will not be driven.
/usr/local/share/pdk/sky130A/libs.ref/sky130_fd_sc_hd/verilog/sky130_fd_sc_hd.v:46565: warning: Timing checks are not supported and delayed signal "RESET_B_delayed" will not be driven.
/usr/local/share/pdk/sky130A/libs.ref/sky130_fd_sc_hd/verilog/sky130_fd_sc_hd.v:46565: warning: Timing checks are not supported and delayed signal "CLK_delayed" will not be driven.
/usr/local/share/pdk/sky130A/libs.ref/sky130_fd_sc_hd/verilog/sky130_fd_sc_hd.v:46566: warning: Timing checks are not supported and delayed signal "CLK_delayed" will not be driven.
/usr/local/share/pdk/sky130A/libs.ref/sky130_fd_sc_hd/verilog/sky130_fd_sc_hd.v:46566: warning: Timing checks are not supported and delayed signal "D_delayed" will not be driven.
/usr/local/share/pdk/sky130A/libs.ref/sky130_fd_sc_hd/verilog/sky130_fd_sc_hd.v:46567: warning: Timing checks are not supported and delayed signal "CLK_delayed" will not be driven.
/usr/local/share/pdk/sky130A/libs.ref/sky130_fd_sc_hd/verilog/sky130_fd_sc_hd.v:46567: warning: Timing checks are not supported and delayed signal "D_delayed" will not be driven.
/usr/local/share/pdk/sky130A/libs.ref/sky130_fd_sc_hd/verilog/sky130_fd_sc_hd.v:46936: warning: Timing checks are not supported and delayed signal "RESET_B_delayed" will not be driven.
/usr/local/share/pdk/sky130A/libs.ref/sky130_fd_sc_hd/verilog/sky130_fd_sc_hd.v:46936: warning: Timing checks are not supported and delayed signal "CLK_N_delayed" will not be driven.
/usr/local/share/pdk/sky130A/libs.ref/sky130_fd_sc_hd/verilog/sky130_fd_sc_hd.v:46937: warning: Timing checks are not supported and delayed signal "CLK_N_delayed" will not be driven.
/usr/local/share/pdk/sky130A/libs.ref/sky130_fd_sc_hd/verilog/sky130_fd_sc_hd.v:46937: warning: Timing checks are not supported and delayed signal "D_delayed" will not be driven.
/usr/local/share/pdk/sky130A/libs.ref/sky130_fd_sc_hd/verilog/sky130_fd_sc_hd.v:46938: warning: Timing checks are not supported and delayed signal "CLK_N_delayed" will not be driven.
/usr/local/share/pdk/sky130A/libs.ref/sky130_fd_sc_hd/verilog/sky130_fd_sc_hd.v:46938: warning: Timing checks are not supported and delayed signal "D_delayed" will not be driven.
/usr/local/share/pdk/sky130A/libs.ref/sky130_fd_sc_hd/verilog/sky130_fd_sc_hd.v:47294: warning: Timing checks are not supported and delayed signal "RESET_B_delayed" will not be driven.
/usr/local/share/pdk/sky130A/libs.ref/sky130_fd_sc_hd/verilog/sky130_fd_sc_hd.v:47294: warning: Timing checks are not supported and delayed signal "CLK_delayed" will not be driven.
/usr/local/share/pdk/sky130A/libs.ref/sky130_fd_sc_hd/verilog/sky130_fd_sc_hd.v:47295: warning: Timing checks are not supported and delayed signal "CLK_delayed" will not be driven.
/usr/local/share/pdk/sky130A/libs.ref/sky130_fd_sc_hd/verilog/sky130_fd_sc_hd.v:47295: warning: Timing checks are not supported and delayed signal "D_delayed" will not be driven.
/usr/local/share/pdk/sky130A/libs.ref/sky130_fd_sc_hd/verilog/sky130_fd_sc_hd.v:47296: warning: Timing checks are not supported and delayed signal "CLK_delayed" will not be driven.
/usr/local/share/pdk/sky130A/libs.ref/sky130_fd_sc_hd/verilog/sky130_fd_sc_hd.v:47296: warning: Timing checks are not supported and delayed signal "D_delayed" will not be driven.
/usr/local/share/pdk/sky130A/libs.ref/sky130_fd_sc_hd/verilog/sky130_fd_sc_hd.v:47652: warning: Timing checks are not supported and delayed signal "RESET_B_delayed" will not be driven.
/usr/local/share/pdk/sky130A/libs.ref/sky130_fd_sc_hd/verilog/sky130_fd_sc_hd.v:47652: warning: Timing checks are not supported and delayed signal "CLK_delayed" will not be driven.
/usr/local/share/pdk/sky130A/libs.ref/sky130_fd_sc_hd/verilog/sky130_fd_sc_hd.v:47653: warning: Timing checks are not supported and delayed signal "CLK_delayed" will not be driven.
/usr/local/share/pdk/sky130A/libs.ref/sky130_fd_sc_hd/verilog/sky130_fd_sc_hd.v:47653: warning: Timing checks are not supported and delayed signal "D_delayed" will not be driven.
/usr/local/share/pdk/sky130A/libs.ref/sky130_fd_sc_hd/verilog/sky130_fd_sc_hd.v:47654: warning: Timing checks are not supported and delayed signal "CLK_delayed" will not be driven.
/usr/local/share/pdk/sky130A/libs.ref/sky130_fd_sc_hd/verilog/sky130_fd_sc_hd.v:47654: warning: Timing checks are not supported and delayed signal "D_delayed" will not be driven.
/usr/local/share/pdk/sky130A/libs.ref/sky130_fd_sc_hd/verilog/sky130_fd_sc_hd.v:48010: warning: Timing checks are not supported and delayed signal "RESET_B_delayed" will not be driven.
/usr/local/share/pdk/sky130A/libs.ref/sky130_fd_sc_hd/verilog/sky130_fd_sc_hd.v:48010: warning: Timing checks are not supported and delayed signal "CLK_delayed" will not be driven.
/usr/local/share/pdk/sky130A/libs.ref/sky130_fd_sc_hd/verilog/sky130_fd_sc_hd.v:48011: warning: Timing checks are not supported and delayed signal "CLK_delayed" will not be driven.
/usr/local/share/pdk/sky130A/libs.ref/sky130_fd_sc_hd/verilog/sky130_fd_sc_hd.v:48011: warning: Timing checks are not supported and delayed signal "D_delayed" will not be driven.
/usr/local/share/pdk/sky130A/libs.ref/sky130_fd_sc_hd/verilog/sky130_fd_sc_hd.v:48012: warning: Timing checks are not supported and delayed signal "CLK_delayed" will not be driven.
/usr/local/share/pdk/sky130A/libs.ref/sky130_fd_sc_hd/verilog/sky130_fd_sc_hd.v:48012: warning: Timing checks are not supported and delayed signal "D_delayed" will not be driven.
/usr/local/share/pdk/sky130A/libs.ref/sky130_fd_sc_hd/verilog/sky130_fd_sc_hd.v:48384: warning: Timing checks are not supported and delayed signal "SET_B_delayed" will not be driven.
/usr/local/share/pdk/sky130A/libs.ref/sky130_fd_sc_hd/verilog/sky130_fd_sc_hd.v:48384: warning: Timing checks are not supported and delayed signal "CLK_delayed" will not be driven.
/usr/local/share/pdk/sky130A/libs.ref/sky130_fd_sc_hd/verilog/sky130_fd_sc_hd.v:48385: warning: Timing checks are not supported and delayed signal "CLK_delayed" will not be driven.
/usr/local/share/pdk/sky130A/libs.ref/sky130_fd_sc_hd/verilog/sky130_fd_sc_hd.v:48385: warning: Timing checks are not supported and delayed signal "D_delayed" will not be driven.
/usr/local/share/pdk/sky130A/libs.ref/sky130_fd_sc_hd/verilog/sky130_fd_sc_hd.v:48386: warning: Timing checks are not supported and delayed signal "CLK_delayed" will not be driven.
/usr/local/share/pdk/sky130A/libs.ref/sky130_fd_sc_hd/verilog/sky130_fd_sc_hd.v:48386: warning: Timing checks are not supported and delayed signal "D_delayed" will not be driven.
/usr/local/share/pdk/sky130A/libs.ref/sky130_fd_sc_hd/verilog/sky130_fd_sc_hd.v:48758: warning: Timing checks are not supported and delayed signal "SET_B_delayed" will not be driven.
/usr/local/share/pdk/sky130A/libs.ref/sky130_fd_sc_hd/verilog/sky130_fd_sc_hd.v:48758: warning: Timing checks are not supported and delayed signal "CLK_delayed" will not be driven.
/usr/local/share/pdk/sky130A/libs.ref/sky130_fd_sc_hd/verilog/sky130_fd_sc_hd.v:48759: warning: Timing checks are not supported and delayed signal "CLK_delayed" will not be driven.
/usr/local/share/pdk/sky130A/libs.ref/sky130_fd_sc_hd/verilog/sky130_fd_sc_hd.v:48759: warning: Timing checks are not supported and delayed signal "D_delayed" will not be driven.
/usr/local/share/pdk/sky130A/libs.ref/sky130_fd_sc_hd/verilog/sky130_fd_sc_hd.v:48760: warning: Timing checks are not supported and delayed signal "CLK_delayed" will not be driven.
/usr/local/share/pdk/sky130A/libs.ref/sky130_fd_sc_hd/verilog/sky130_fd_sc_hd.v:48760: warning: Timing checks are not supported and delayed signal "D_delayed" will not be driven.
/usr/local/share/pdk/sky130A/libs.ref/sky130_fd_sc_hd/verilog/sky130_fd_sc_hd.v:49116: warning: Timing checks are not supported and delayed signal "SET_B_delayed" will not be driven.
/usr/local/share/pdk/sky130A/libs.ref/sky130_fd_sc_hd/verilog/sky130_fd_sc_hd.v:49116: warning: Timing checks are not supported and delayed signal "CLK_delayed" will not be driven.
/usr/local/share/pdk/sky130A/libs.ref/sky130_fd_sc_hd/verilog/sky130_fd_sc_hd.v:49117: warning: Timing checks are not supported and delayed signal "CLK_delayed" will not be driven.
/usr/local/share/pdk/sky130A/libs.ref/sky130_fd_sc_hd/verilog/sky130_fd_sc_hd.v:49117: warning: Timing checks are not supported and delayed signal "D_delayed" will not be driven.
/usr/local/share/pdk/sky130A/libs.ref/sky130_fd_sc_hd/verilog/sky130_fd_sc_hd.v:49118: warning: Timing checks are not supported and delayed signal "CLK_delayed" will not be driven.
/usr/local/share/pdk/sky130A/libs.ref/sky130_fd_sc_hd/verilog/sky130_fd_sc_hd.v:49118: warning: Timing checks are not supported and delayed signal "D_delayed" will not be driven.
/usr/local/share/pdk/sky130A/libs.ref/sky130_fd_sc_hd/verilog/sky130_fd_sc_hd.v:49474: warning: Timing checks are not supported and delayed signal "SET_B_delayed" will not be driven.
/usr/local/share/pdk/sky130A/libs.ref/sky130_fd_sc_hd/verilog/sky130_fd_sc_hd.v:49474: warning: Timing checks are not supported and delayed signal "CLK_delayed" will not be driven.
/usr/local/share/pdk/sky130A/libs.ref/sky130_fd_sc_hd/verilog/sky130_fd_sc_hd.v:49475: warning: Timing checks are not supported and delayed signal "CLK_delayed" will not be driven.
/usr/local/share/pdk/sky130A/libs.ref/sky130_fd_sc_hd/verilog/sky130_fd_sc_hd.v:49475: warning: Timing checks are not supported and delayed signal "D_delayed" will not be driven.
/usr/local/share/pdk/sky130A/libs.ref/sky130_fd_sc_hd/verilog/sky130_fd_sc_hd.v:49476: warning: Timing checks are not supported and delayed signal "CLK_delayed" will not be driven.
/usr/local/share/pdk/sky130A/libs.ref/sky130_fd_sc_hd/verilog/sky130_fd_sc_hd.v:49476: warning: Timing checks are not supported and delayed signal "D_delayed" will not be driven.
/usr/local/share/pdk/sky130A/libs.ref/sky130_fd_sc_hd/verilog/sky130_fd_sc_hd.v:49832: warning: Timing checks are not supported and delayed signal "SET_B_delayed" will not be driven.
/usr/local/share/pdk/sky130A/libs.ref/sky130_fd_sc_hd/verilog/sky130_fd_sc_hd.v:49832: warning: Timing checks are not supported and delayed signal "CLK_delayed" will not be driven.
/usr/local/share/pdk/sky130A/libs.ref/sky130_fd_sc_hd/verilog/sky130_fd_sc_hd.v:49833: warning: Timing checks are not supported and delayed signal "CLK_delayed" will not be driven.
/usr/local/share/pdk/sky130A/libs.ref/sky130_fd_sc_hd/verilog/sky130_fd_sc_hd.v:49833: warning: Timing checks are not supported and delayed signal "D_delayed" will not be driven.
/usr/local/share/pdk/sky130A/libs.ref/sky130_fd_sc_hd/verilog/sky130_fd_sc_hd.v:49834: warning: Timing checks are not supported and delayed signal "CLK_delayed" will not be driven.
/usr/local/share/pdk/sky130A/libs.ref/sky130_fd_sc_hd/verilog/sky130_fd_sc_hd.v:49834: warning: Timing checks are not supported and delayed signal "D_delayed" will not be driven.
/usr/local/share/pdk/sky130A/libs.ref/sky130_fd_sc_hd/verilog/sky130_fd_sc_hd.v:50176: warning: Timing checks are not supported and delayed signal "CLK_delayed" will not be driven.
/usr/local/share/pdk/sky130A/libs.ref/sky130_fd_sc_hd/verilog/sky130_fd_sc_hd.v:50176: warning: Timing checks are not supported and delayed signal "D_delayed" will not be driven.
/usr/local/share/pdk/sky130A/libs.ref/sky130_fd_sc_hd/verilog/sky130_fd_sc_hd.v:50177: warning: Timing checks are not supported and delayed signal "CLK_delayed" will not be driven.
/usr/local/share/pdk/sky130A/libs.ref/sky130_fd_sc_hd/verilog/sky130_fd_sc_hd.v:50177: warning: Timing checks are not supported and delayed signal "D_delayed" will not be driven.
/usr/local/share/pdk/sky130A/libs.ref/sky130_fd_sc_hd/verilog/sky130_fd_sc_hd.v:50516: warning: Timing checks are not supported and delayed signal "CLK_delayed" will not be driven.
/usr/local/share/pdk/sky130A/libs.ref/sky130_fd_sc_hd/verilog/sky130_fd_sc_hd.v:50516: warning: Timing checks are not supported and delayed signal "D_delayed" will not be driven.
/usr/local/share/pdk/sky130A/libs.ref/sky130_fd_sc_hd/verilog/sky130_fd_sc_hd.v:50517: warning: Timing checks are not supported and delayed signal "CLK_delayed" will not be driven.
/usr/local/share/pdk/sky130A/libs.ref/sky130_fd_sc_hd/verilog/sky130_fd_sc_hd.v:50517: warning: Timing checks are not supported and delayed signal "D_delayed" will not be driven.
/usr/local/share/pdk/sky130A/libs.ref/sky130_fd_sc_hd/verilog/sky130_fd_sc_hd.v:50842: warning: Timing checks are not supported and delayed signal "CLK_delayed" will not be driven.
/usr/local/share/pdk/sky130A/libs.ref/sky130_fd_sc_hd/verilog/sky130_fd_sc_hd.v:50842: warning: Timing checks are not supported and delayed signal "D_delayed" will not be driven.
/usr/local/share/pdk/sky130A/libs.ref/sky130_fd_sc_hd/verilog/sky130_fd_sc_hd.v:50843: warning: Timing checks are not supported and delayed signal "CLK_delayed" will not be driven.
/usr/local/share/pdk/sky130A/libs.ref/sky130_fd_sc_hd/verilog/sky130_fd_sc_hd.v:50843: warning: Timing checks are not supported and delayed signal "D_delayed" will not be driven.
/usr/local/share/pdk/sky130A/libs.ref/sky130_fd_sc_hd/verilog/sky130_fd_sc_hd.v:51168: warning: Timing checks are not supported and delayed signal "CLK_delayed" will not be driven.
/usr/local/share/pdk/sky130A/libs.ref/sky130_fd_sc_hd/verilog/sky130_fd_sc_hd.v:51168: warning: Timing checks are not supported and delayed signal "D_delayed" will not be driven.
/usr/local/share/pdk/sky130A/libs.ref/sky130_fd_sc_hd/verilog/sky130_fd_sc_hd.v:51169: warning: Timing checks are not supported and delayed signal "CLK_delayed" will not be driven.
/usr/local/share/pdk/sky130A/libs.ref/sky130_fd_sc_hd/verilog/sky130_fd_sc_hd.v:51169: warning: Timing checks are not supported and delayed signal "D_delayed" will not be driven.
/usr/local/share/pdk/sky130A/libs.ref/sky130_fd_sc_hd/verilog/sky130_fd_sc_hd.v:51494: warning: Timing checks are not supported and delayed signal "CLK_delayed" will not be driven.
/usr/local/share/pdk/sky130A/libs.ref/sky130_fd_sc_hd/verilog/sky130_fd_sc_hd.v:51494: warning: Timing checks are not supported and delayed signal "D_delayed" will not be driven.
/usr/local/share/pdk/sky130A/libs.ref/sky130_fd_sc_hd/verilog/sky130_fd_sc_hd.v:51495: warning: Timing checks are not supported and delayed signal "CLK_delayed" will not be driven.
/usr/local/share/pdk/sky130A/libs.ref/sky130_fd_sc_hd/verilog/sky130_fd_sc_hd.v:51495: warning: Timing checks are not supported and delayed signal "D_delayed" will not be driven.
/usr/local/share/pdk/sky130A/libs.ref/sky130_fd_sc_hd/verilog/sky130_fd_sc_hd.v:52076: warning: Timing checks are not supported and delayed signal "CLK_delayed" will not be driven.
/usr/local/share/pdk/sky130A/libs.ref/sky130_fd_sc_hd/verilog/sky130_fd_sc_hd.v:52076: warning: Timing checks are not supported and delayed signal "GATE_delayed" will not be driven.
/usr/local/share/pdk/sky130A/libs.ref/sky130_fd_sc_hd/verilog/sky130_fd_sc_hd.v:52077: warning: Timing checks are not supported and delayed signal "CLK_delayed" will not be driven.
/usr/local/share/pdk/sky130A/libs.ref/sky130_fd_sc_hd/verilog/sky130_fd_sc_hd.v:52077: warning: Timing checks are not supported and delayed signal "GATE_delayed" will not be driven.
/usr/local/share/pdk/sky130A/libs.ref/sky130_fd_sc_hd/verilog/sky130_fd_sc_hd.v:52408: warning: Timing checks are not supported and delayed signal "CLK_delayed" will not be driven.
/usr/local/share/pdk/sky130A/libs.ref/sky130_fd_sc_hd/verilog/sky130_fd_sc_hd.v:52408: warning: Timing checks are not supported and delayed signal "GATE_delayed" will not be driven.
/usr/local/share/pdk/sky130A/libs.ref/sky130_fd_sc_hd/verilog/sky130_fd_sc_hd.v:52409: warning: Timing checks are not supported and delayed signal "CLK_delayed" will not be driven.
/usr/local/share/pdk/sky130A/libs.ref/sky130_fd_sc_hd/verilog/sky130_fd_sc_hd.v:52409: warning: Timing checks are not supported and delayed signal "GATE_delayed" will not be driven.
/usr/local/share/pdk/sky130A/libs.ref/sky130_fd_sc_hd/verilog/sky130_fd_sc_hd.v:52740: warning: Timing checks are not supported and delayed signal "CLK_delayed" will not be driven.
/usr/local/share/pdk/sky130A/libs.ref/sky130_fd_sc_hd/verilog/sky130_fd_sc_hd.v:52740: warning: Timing checks are not supported and delayed signal "GATE_delayed" will not be driven.
/usr/local/share/pdk/sky130A/libs.ref/sky130_fd_sc_hd/verilog/sky130_fd_sc_hd.v:52741: warning: Timing checks are not supported and delayed signal "CLK_delayed" will not be driven.
/usr/local/share/pdk/sky130A/libs.ref/sky130_fd_sc_hd/verilog/sky130_fd_sc_hd.v:52741: warning: Timing checks are not supported and delayed signal "GATE_delayed" will not be driven.
/usr/local/share/pdk/sky130A/libs.ref/sky130_fd_sc_hd/verilog/sky130_fd_sc_hd.v:53129: warning: Timing checks are not supported and delayed signal "RESET_B_delayed" will not be driven.
/usr/local/share/pdk/sky130A/libs.ref/sky130_fd_sc_hd/verilog/sky130_fd_sc_hd.v:53129: warning: Timing checks are not supported and delayed signal "GATE_N_delayed" will not be driven.
/usr/local/share/pdk/sky130A/libs.ref/sky130_fd_sc_hd/verilog/sky130_fd_sc_hd.v:53130: warning: Timing checks are not supported and delayed signal "GATE_N_delayed" will not be driven.
/usr/local/share/pdk/sky130A/libs.ref/sky130_fd_sc_hd/verilog/sky130_fd_sc_hd.v:53130: warning: Timing checks are not supported and delayed signal "D_delayed" will not be driven.
/usr/local/share/pdk/sky130A/libs.ref/sky130_fd_sc_hd/verilog/sky130_fd_sc_hd.v:53131: warning: Timing checks are not supported and delayed signal "GATE_N_delayed" will not be driven.
/usr/local/share/pdk/sky130A/libs.ref/sky130_fd_sc_hd/verilog/sky130_fd_sc_hd.v:53131: warning: Timing checks are not supported and delayed signal "D_delayed" will not be driven.
/usr/local/share/pdk/sky130A/libs.ref/sky130_fd_sc_hd/verilog/sky130_fd_sc_hd.v:53522: warning: Timing checks are not supported and delayed signal "RESET_B_delayed" will not be driven.
/usr/local/share/pdk/sky130A/libs.ref/sky130_fd_sc_hd/verilog/sky130_fd_sc_hd.v:53522: warning: Timing checks are not supported and delayed signal "GATE_N_delayed" will not be driven.
/usr/local/share/pdk/sky130A/libs.ref/sky130_fd_sc_hd/verilog/sky130_fd_sc_hd.v:53523: warning: Timing checks are not supported and delayed signal "GATE_N_delayed" will not be driven.
/usr/local/share/pdk/sky130A/libs.ref/sky130_fd_sc_hd/verilog/sky130_fd_sc_hd.v:53523: warning: Timing checks are not supported and delayed signal "D_delayed" will not be driven.
/usr/local/share/pdk/sky130A/libs.ref/sky130_fd_sc_hd/verilog/sky130_fd_sc_hd.v:53524: warning: Timing checks are not supported and delayed signal "GATE_N_delayed" will not be driven.
/usr/local/share/pdk/sky130A/libs.ref/sky130_fd_sc_hd/verilog/sky130_fd_sc_hd.v:53524: warning: Timing checks are not supported and delayed signal "D_delayed" will not be driven.
/usr/local/share/pdk/sky130A/libs.ref/sky130_fd_sc_hd/verilog/sky130_fd_sc_hd.v:53907: warning: Timing checks are not supported and delayed signal "RESET_B_delayed" will not be driven.
/usr/local/share/pdk/sky130A/libs.ref/sky130_fd_sc_hd/verilog/sky130_fd_sc_hd.v:53907: warning: Timing checks are not supported and delayed signal "GATE_delayed" will not be driven.
/usr/local/share/pdk/sky130A/libs.ref/sky130_fd_sc_hd/verilog/sky130_fd_sc_hd.v:53908: warning: Timing checks are not supported and delayed signal "GATE_delayed" will not be driven.
/usr/local/share/pdk/sky130A/libs.ref/sky130_fd_sc_hd/verilog/sky130_fd_sc_hd.v:53908: warning: Timing checks are not supported and delayed signal "D_delayed" will not be driven.
/usr/local/share/pdk/sky130A/libs.ref/sky130_fd_sc_hd/verilog/sky130_fd_sc_hd.v:53909: warning: Timing checks are not supported and delayed signal "GATE_delayed" will not be driven.
/usr/local/share/pdk/sky130A/libs.ref/sky130_fd_sc_hd/verilog/sky130_fd_sc_hd.v:53909: warning: Timing checks are not supported and delayed signal "D_delayed" will not be driven.
/usr/local/share/pdk/sky130A/libs.ref/sky130_fd_sc_hd/verilog/sky130_fd_sc_hd.v:54292: warning: Timing checks are not supported and delayed signal "RESET_B_delayed" will not be driven.
/usr/local/share/pdk/sky130A/libs.ref/sky130_fd_sc_hd/verilog/sky130_fd_sc_hd.v:54292: warning: Timing checks are not supported and delayed signal "GATE_delayed" will not be driven.
/usr/local/share/pdk/sky130A/libs.ref/sky130_fd_sc_hd/verilog/sky130_fd_sc_hd.v:54293: warning: Timing checks are not supported and delayed signal "GATE_delayed" will not be driven.
/usr/local/share/pdk/sky130A/libs.ref/sky130_fd_sc_hd/verilog/sky130_fd_sc_hd.v:54293: warning: Timing checks are not supported and delayed signal "D_delayed" will not be driven.
/usr/local/share/pdk/sky130A/libs.ref/sky130_fd_sc_hd/verilog/sky130_fd_sc_hd.v:54294: warning: Timing checks are not supported and delayed signal "GATE_delayed" will not be driven.
/usr/local/share/pdk/sky130A/libs.ref/sky130_fd_sc_hd/verilog/sky130_fd_sc_hd.v:54294: warning: Timing checks are not supported and delayed signal "D_delayed" will not be driven.
/usr/local/share/pdk/sky130A/libs.ref/sky130_fd_sc_hd/verilog/sky130_fd_sc_hd.v:54662: warning: Timing checks are not supported and delayed signal "RESET_B_delayed" will not be driven.
/usr/local/share/pdk/sky130A/libs.ref/sky130_fd_sc_hd/verilog/sky130_fd_sc_hd.v:54662: warning: Timing checks are not supported and delayed signal "GATE_N_delayed" will not be driven.
/usr/local/share/pdk/sky130A/libs.ref/sky130_fd_sc_hd/verilog/sky130_fd_sc_hd.v:54663: warning: Timing checks are not supported and delayed signal "GATE_N_delayed" will not be driven.
/usr/local/share/pdk/sky130A/libs.ref/sky130_fd_sc_hd/verilog/sky130_fd_sc_hd.v:54663: warning: Timing checks are not supported and delayed signal "D_delayed" will not be driven.
/usr/local/share/pdk/sky130A/libs.ref/sky130_fd_sc_hd/verilog/sky130_fd_sc_hd.v:54664: warning: Timing checks are not supported and delayed signal "GATE_N_delayed" will not be driven.
/usr/local/share/pdk/sky130A/libs.ref/sky130_fd_sc_hd/verilog/sky130_fd_sc_hd.v:54664: warning: Timing checks are not supported and delayed signal "D_delayed" will not be driven.
/usr/local/share/pdk/sky130A/libs.ref/sky130_fd_sc_hd/verilog/sky130_fd_sc_hd.v:55032: warning: Timing checks are not supported and delayed signal "RESET_B_delayed" will not be driven.
/usr/local/share/pdk/sky130A/libs.ref/sky130_fd_sc_hd/verilog/sky130_fd_sc_hd.v:55032: warning: Timing checks are not supported and delayed signal "GATE_N_delayed" will not be driven.
/usr/local/share/pdk/sky130A/libs.ref/sky130_fd_sc_hd/verilog/sky130_fd_sc_hd.v:55033: warning: Timing checks are not supported and delayed signal "GATE_N_delayed" will not be driven.
/usr/local/share/pdk/sky130A/libs.ref/sky130_fd_sc_hd/verilog/sky130_fd_sc_hd.v:55033: warning: Timing checks are not supported and delayed signal "D_delayed" will not be driven.
/usr/local/share/pdk/sky130A/libs.ref/sky130_fd_sc_hd/verilog/sky130_fd_sc_hd.v:55034: warning: Timing checks are not supported and delayed signal "GATE_N_delayed" will not be driven.
/usr/local/share/pdk/sky130A/libs.ref/sky130_fd_sc_hd/verilog/sky130_fd_sc_hd.v:55034: warning: Timing checks are not supported and delayed signal "D_delayed" will not be driven.
/usr/local/share/pdk/sky130A/libs.ref/sky130_fd_sc_hd/verilog/sky130_fd_sc_hd.v:55402: warning: Timing checks are not supported and delayed signal "RESET_B_delayed" will not be driven.
/usr/local/share/pdk/sky130A/libs.ref/sky130_fd_sc_hd/verilog/sky130_fd_sc_hd.v:55402: warning: Timing checks are not supported and delayed signal "GATE_N_delayed" will not be driven.
/usr/local/share/pdk/sky130A/libs.ref/sky130_fd_sc_hd/verilog/sky130_fd_sc_hd.v:55403: warning: Timing checks are not supported and delayed signal "GATE_N_delayed" will not be driven.
/usr/local/share/pdk/sky130A/libs.ref/sky130_fd_sc_hd/verilog/sky130_fd_sc_hd.v:55403: warning: Timing checks are not supported and delayed signal "D_delayed" will not be driven.
/usr/local/share/pdk/sky130A/libs.ref/sky130_fd_sc_hd/verilog/sky130_fd_sc_hd.v:55404: warning: Timing checks are not supported and delayed signal "GATE_N_delayed" will not be driven.
/usr/local/share/pdk/sky130A/libs.ref/sky130_fd_sc_hd/verilog/sky130_fd_sc_hd.v:55404: warning: Timing checks are not supported and delayed signal "D_delayed" will not be driven.
/usr/local/share/pdk/sky130A/libs.ref/sky130_fd_sc_hd/verilog/sky130_fd_sc_hd.v:55769: warning: Timing checks are not supported and delayed signal "RESET_B_delayed" will not be driven.
/usr/local/share/pdk/sky130A/libs.ref/sky130_fd_sc_hd/verilog/sky130_fd_sc_hd.v:55769: warning: Timing checks are not supported and delayed signal "GATE_delayed" will not be driven.
/usr/local/share/pdk/sky130A/libs.ref/sky130_fd_sc_hd/verilog/sky130_fd_sc_hd.v:55770: warning: Timing checks are not supported and delayed signal "GATE_delayed" will not be driven.
/usr/local/share/pdk/sky130A/libs.ref/sky130_fd_sc_hd/verilog/sky130_fd_sc_hd.v:55770: warning: Timing checks are not supported and delayed signal "D_delayed" will not be driven.
/usr/local/share/pdk/sky130A/libs.ref/sky130_fd_sc_hd/verilog/sky130_fd_sc_hd.v:55771: warning: Timing checks are not supported and delayed signal "GATE_delayed" will not be driven.
/usr/local/share/pdk/sky130A/libs.ref/sky130_fd_sc_hd/verilog/sky130_fd_sc_hd.v:55771: warning: Timing checks are not supported and delayed signal "D_delayed" will not be driven.
/usr/local/share/pdk/sky130A/libs.ref/sky130_fd_sc_hd/verilog/sky130_fd_sc_hd.v:56136: warning: Timing checks are not supported and delayed signal "RESET_B_delayed" will not be driven.
/usr/local/share/pdk/sky130A/libs.ref/sky130_fd_sc_hd/verilog/sky130_fd_sc_hd.v:56136: warning: Timing checks are not supported and delayed signal "GATE_delayed" will not be driven.
/usr/local/share/pdk/sky130A/libs.ref/sky130_fd_sc_hd/verilog/sky130_fd_sc_hd.v:56137: warning: Timing checks are not supported and delayed signal "GATE_delayed" will not be driven.
/usr/local/share/pdk/sky130A/libs.ref/sky130_fd_sc_hd/verilog/sky130_fd_sc_hd.v:56137: warning: Timing checks are not supported and delayed signal "D_delayed" will not be driven.
/usr/local/share/pdk/sky130A/libs.ref/sky130_fd_sc_hd/verilog/sky130_fd_sc_hd.v:56138: warning: Timing checks are not supported and delayed signal "GATE_delayed" will not be driven.
/usr/local/share/pdk/sky130A/libs.ref/sky130_fd_sc_hd/verilog/sky130_fd_sc_hd.v:56138: warning: Timing checks are not supported and delayed signal "D_delayed" will not be driven.
/usr/local/share/pdk/sky130A/libs.ref/sky130_fd_sc_hd/verilog/sky130_fd_sc_hd.v:56503: warning: Timing checks are not supported and delayed signal "RESET_B_delayed" will not be driven.
/usr/local/share/pdk/sky130A/libs.ref/sky130_fd_sc_hd/verilog/sky130_fd_sc_hd.v:56503: warning: Timing checks are not supported and delayed signal "GATE_delayed" will not be driven.
/usr/local/share/pdk/sky130A/libs.ref/sky130_fd_sc_hd/verilog/sky130_fd_sc_hd.v:56504: warning: Timing checks are not supported and delayed signal "GATE_delayed" will not be driven.
/usr/local/share/pdk/sky130A/libs.ref/sky130_fd_sc_hd/verilog/sky130_fd_sc_hd.v:56504: warning: Timing checks are not supported and delayed signal "D_delayed" will not be driven.
/usr/local/share/pdk/sky130A/libs.ref/sky130_fd_sc_hd/verilog/sky130_fd_sc_hd.v:56505: warning: Timing checks are not supported and delayed signal "GATE_delayed" will not be driven.
/usr/local/share/pdk/sky130A/libs.ref/sky130_fd_sc_hd/verilog/sky130_fd_sc_hd.v:56505: warning: Timing checks are not supported and delayed signal "D_delayed" will not be driven.
/usr/local/share/pdk/sky130A/libs.ref/sky130_fd_sc_hd/verilog/sky130_fd_sc_hd.v:56857: warning: Timing checks are not supported and delayed signal "GATE_N_delayed" will not be driven.
/usr/local/share/pdk/sky130A/libs.ref/sky130_fd_sc_hd/verilog/sky130_fd_sc_hd.v:56857: warning: Timing checks are not supported and delayed signal "D_delayed" will not be driven.
/usr/local/share/pdk/sky130A/libs.ref/sky130_fd_sc_hd/verilog/sky130_fd_sc_hd.v:56858: warning: Timing checks are not supported and delayed signal "GATE_N_delayed" will not be driven.
/usr/local/share/pdk/sky130A/libs.ref/sky130_fd_sc_hd/verilog/sky130_fd_sc_hd.v:56858: warning: Timing checks are not supported and delayed signal "D_delayed" will not be driven.
/usr/local/share/pdk/sky130A/libs.ref/sky130_fd_sc_hd/verilog/sky130_fd_sc_hd.v:57207: warning: Timing checks are not supported and delayed signal "GATE_N_delayed" will not be driven.
/usr/local/share/pdk/sky130A/libs.ref/sky130_fd_sc_hd/verilog/sky130_fd_sc_hd.v:57207: warning: Timing checks are not supported and delayed signal "D_delayed" will not be driven.
/usr/local/share/pdk/sky130A/libs.ref/sky130_fd_sc_hd/verilog/sky130_fd_sc_hd.v:57208: warning: Timing checks are not supported and delayed signal "GATE_N_delayed" will not be driven.
/usr/local/share/pdk/sky130A/libs.ref/sky130_fd_sc_hd/verilog/sky130_fd_sc_hd.v:57208: warning: Timing checks are not supported and delayed signal "D_delayed" will not be driven.
/usr/local/share/pdk/sky130A/libs.ref/sky130_fd_sc_hd/verilog/sky130_fd_sc_hd.v:57549: warning: Timing checks are not supported and delayed signal "GATE_delayed" will not be driven.
/usr/local/share/pdk/sky130A/libs.ref/sky130_fd_sc_hd/verilog/sky130_fd_sc_hd.v:57549: warning: Timing checks are not supported and delayed signal "D_delayed" will not be driven.
/usr/local/share/pdk/sky130A/libs.ref/sky130_fd_sc_hd/verilog/sky130_fd_sc_hd.v:57550: warning: Timing checks are not supported and delayed signal "GATE_delayed" will not be driven.
/usr/local/share/pdk/sky130A/libs.ref/sky130_fd_sc_hd/verilog/sky130_fd_sc_hd.v:57550: warning: Timing checks are not supported and delayed signal "D_delayed" will not be driven.
/usr/local/share/pdk/sky130A/libs.ref/sky130_fd_sc_hd/verilog/sky130_fd_sc_hd.v:57883: warning: Timing checks are not supported and delayed signal "GATE_N_delayed" will not be driven.
/usr/local/share/pdk/sky130A/libs.ref/sky130_fd_sc_hd/verilog/sky130_fd_sc_hd.v:57883: warning: Timing checks are not supported and delayed signal "D_delayed" will not be driven.
/usr/local/share/pdk/sky130A/libs.ref/sky130_fd_sc_hd/verilog/sky130_fd_sc_hd.v:57884: warning: Timing checks are not supported and delayed signal "GATE_N_delayed" will not be driven.
/usr/local/share/pdk/sky130A/libs.ref/sky130_fd_sc_hd/verilog/sky130_fd_sc_hd.v:57884: warning: Timing checks are not supported and delayed signal "D_delayed" will not be driven.
/usr/local/share/pdk/sky130A/libs.ref/sky130_fd_sc_hd/verilog/sky130_fd_sc_hd.v:58217: warning: Timing checks are not supported and delayed signal "GATE_N_delayed" will not be driven.
/usr/local/share/pdk/sky130A/libs.ref/sky130_fd_sc_hd/verilog/sky130_fd_sc_hd.v:58217: warning: Timing checks are not supported and delayed signal "D_delayed" will not be driven.
/usr/local/share/pdk/sky130A/libs.ref/sky130_fd_sc_hd/verilog/sky130_fd_sc_hd.v:58218: warning: Timing checks are not supported and delayed signal "GATE_N_delayed" will not be driven.
/usr/local/share/pdk/sky130A/libs.ref/sky130_fd_sc_hd/verilog/sky130_fd_sc_hd.v:58218: warning: Timing checks are not supported and delayed signal "D_delayed" will not be driven.
/usr/local/share/pdk/sky130A/libs.ref/sky130_fd_sc_hd/verilog/sky130_fd_sc_hd.v:58551: warning: Timing checks are not supported and delayed signal "GATE_N_delayed" will not be driven.
/usr/local/share/pdk/sky130A/libs.ref/sky130_fd_sc_hd/verilog/sky130_fd_sc_hd.v:58551: warning: Timing checks are not supported and delayed signal "D_delayed" will not be driven.
/usr/local/share/pdk/sky130A/libs.ref/sky130_fd_sc_hd/verilog/sky130_fd_sc_hd.v:58552: warning: Timing checks are not supported and delayed signal "GATE_N_delayed" will not be driven.
/usr/local/share/pdk/sky130A/libs.ref/sky130_fd_sc_hd/verilog/sky130_fd_sc_hd.v:58552: warning: Timing checks are not supported and delayed signal "D_delayed" will not be driven.
/usr/local/share/pdk/sky130A/libs.ref/sky130_fd_sc_hd/verilog/sky130_fd_sc_hd.v:58877: warning: Timing checks are not supported and delayed signal "GATE_delayed" will not be driven.
/usr/local/share/pdk/sky130A/libs.ref/sky130_fd_sc_hd/verilog/sky130_fd_sc_hd.v:58877: warning: Timing checks are not supported and delayed signal "D_delayed" will not be driven.
/usr/local/share/pdk/sky130A/libs.ref/sky130_fd_sc_hd/verilog/sky130_fd_sc_hd.v:58878: warning: Timing checks are not supported and delayed signal "GATE_delayed" will not be driven.
/usr/local/share/pdk/sky130A/libs.ref/sky130_fd_sc_hd/verilog/sky130_fd_sc_hd.v:58878: warning: Timing checks are not supported and delayed signal "D_delayed" will not be driven.
/usr/local/share/pdk/sky130A/libs.ref/sky130_fd_sc_hd/verilog/sky130_fd_sc_hd.v:62269: warning: Timing checks are not supported and delayed signal "CLK_delayed" will not be driven.
/usr/local/share/pdk/sky130A/libs.ref/sky130_fd_sc_hd/verilog/sky130_fd_sc_hd.v:62269: warning: Timing checks are not supported and delayed signal "DE_delayed" will not be driven.
/usr/local/share/pdk/sky130A/libs.ref/sky130_fd_sc_hd/verilog/sky130_fd_sc_hd.v:62270: warning: Timing checks are not supported and delayed signal "CLK_delayed" will not be driven.
/usr/local/share/pdk/sky130A/libs.ref/sky130_fd_sc_hd/verilog/sky130_fd_sc_hd.v:62270: warning: Timing checks are not supported and delayed signal "DE_delayed" will not be driven.
/usr/local/share/pdk/sky130A/libs.ref/sky130_fd_sc_hd/verilog/sky130_fd_sc_hd.v:62271: warning: Timing checks are not supported and delayed signal "CLK_delayed" will not be driven.
/usr/local/share/pdk/sky130A/libs.ref/sky130_fd_sc_hd/verilog/sky130_fd_sc_hd.v:62271: warning: Timing checks are not supported and delayed signal "D_delayed" will not be driven.
/usr/local/share/pdk/sky130A/libs.ref/sky130_fd_sc_hd/verilog/sky130_fd_sc_hd.v:62272: warning: Timing checks are not supported and delayed signal "CLK_delayed" will not be driven.
/usr/local/share/pdk/sky130A/libs.ref/sky130_fd_sc_hd/verilog/sky130_fd_sc_hd.v:62272: warning: Timing checks are not supported and delayed signal "D_delayed" will not be driven.
/usr/local/share/pdk/sky130A/libs.ref/sky130_fd_sc_hd/verilog/sky130_fd_sc_hd.v:62626: warning: Timing checks are not supported and delayed signal "CLK_delayed" will not be driven.
/usr/local/share/pdk/sky130A/libs.ref/sky130_fd_sc_hd/verilog/sky130_fd_sc_hd.v:62626: warning: Timing checks are not supported and delayed signal "DE_delayed" will not be driven.
/usr/local/share/pdk/sky130A/libs.ref/sky130_fd_sc_hd/verilog/sky130_fd_sc_hd.v:62627: warning: Timing checks are not supported and delayed signal "CLK_delayed" will not be driven.
/usr/local/share/pdk/sky130A/libs.ref/sky130_fd_sc_hd/verilog/sky130_fd_sc_hd.v:62627: warning: Timing checks are not supported and delayed signal "DE_delayed" will not be driven.
/usr/local/share/pdk/sky130A/libs.ref/sky130_fd_sc_hd/verilog/sky130_fd_sc_hd.v:62628: warning: Timing checks are not supported and delayed signal "CLK_delayed" will not be driven.
/usr/local/share/pdk/sky130A/libs.ref/sky130_fd_sc_hd/verilog/sky130_fd_sc_hd.v:62628: warning: Timing checks are not supported and delayed signal "D_delayed" will not be driven.
/usr/local/share/pdk/sky130A/libs.ref/sky130_fd_sc_hd/verilog/sky130_fd_sc_hd.v:62629: warning: Timing checks are not supported and delayed signal "CLK_delayed" will not be driven.
/usr/local/share/pdk/sky130A/libs.ref/sky130_fd_sc_hd/verilog/sky130_fd_sc_hd.v:62629: warning: Timing checks are not supported and delayed signal "D_delayed" will not be driven.
/usr/local/share/pdk/sky130A/libs.ref/sky130_fd_sc_hd/verilog/sky130_fd_sc_hd.v:78005: warning: Timing checks are not supported and delayed signal "SLEEP_B_delayed" will not be driven.
/usr/local/share/pdk/sky130A/libs.ref/sky130_fd_sc_hd/verilog/sky130_fd_sc_hd.v:78005: warning: Timing checks are not supported and delayed signal "D_delayed" will not be driven.
/usr/local/share/pdk/sky130A/libs.ref/sky130_fd_sc_hd/verilog/sky130_fd_sc_hd.v:78006: warning: Timing checks are not supported and delayed signal "SLEEP_B_delayed" will not be driven.
/usr/local/share/pdk/sky130A/libs.ref/sky130_fd_sc_hd/verilog/sky130_fd_sc_hd.v:78006: warning: Timing checks are not supported and delayed signal "D_delayed" will not be driven.
/usr/local/share/pdk/sky130A/libs.ref/sky130_fd_sc_hd/verilog/sky130_fd_sc_hd.v:135151: warning: Timing checks are not supported and delayed signal "SET_B_delayed" will not be driven.
/usr/local/share/pdk/sky130A/libs.ref/sky130_fd_sc_hd/verilog/sky130_fd_sc_hd.v:135151: warning: Timing checks are not supported and delayed signal "CLK_N_delayed" will not be driven.
/usr/local/share/pdk/sky130A/libs.ref/sky130_fd_sc_hd/verilog/sky130_fd_sc_hd.v:135152: warning: Timing checks are not supported and delayed signal "RESET_B_delayed" will not be driven.
/usr/local/share/pdk/sky130A/libs.ref/sky130_fd_sc_hd/verilog/sky130_fd_sc_hd.v:135152: warning: Timing checks are not supported and delayed signal "CLK_N_delayed" will not be driven.
/usr/local/share/pdk/sky130A/libs.ref/sky130_fd_sc_hd/verilog/sky130_fd_sc_hd.v:135153: warning: Timing checks are not supported and delayed signal "CLK_N_delayed" will not be driven.
/usr/local/share/pdk/sky130A/libs.ref/sky130_fd_sc_hd/verilog/sky130_fd_sc_hd.v:135153: warning: Timing checks are not supported and delayed signal "D_delayed" will not be driven.
/usr/local/share/pdk/sky130A/libs.ref/sky130_fd_sc_hd/verilog/sky130_fd_sc_hd.v:135154: warning: Timing checks are not supported and delayed signal "CLK_N_delayed" will not be driven.
/usr/local/share/pdk/sky130A/libs.ref/sky130_fd_sc_hd/verilog/sky130_fd_sc_hd.v:135154: warning: Timing checks are not supported and delayed signal "D_delayed" will not be driven.
/usr/local/share/pdk/sky130A/libs.ref/sky130_fd_sc_hd/verilog/sky130_fd_sc_hd.v:135155: warning: Timing checks are not supported and delayed signal "CLK_N_delayed" will not be driven.
/usr/local/share/pdk/sky130A/libs.ref/sky130_fd_sc_hd/verilog/sky130_fd_sc_hd.v:135155: warning: Timing checks are not supported and delayed signal "SCD_delayed" will not be driven.
/usr/local/share/pdk/sky130A/libs.ref/sky130_fd_sc_hd/verilog/sky130_fd_sc_hd.v:135156: warning: Timing checks are not supported and delayed signal "CLK_N_delayed" will not be driven.
/usr/local/share/pdk/sky130A/libs.ref/sky130_fd_sc_hd/verilog/sky130_fd_sc_hd.v:135156: warning: Timing checks are not supported and delayed signal "SCD_delayed" will not be driven.
/usr/local/share/pdk/sky130A/libs.ref/sky130_fd_sc_hd/verilog/sky130_fd_sc_hd.v:135157: warning: Timing checks are not supported and delayed signal "CLK_N_delayed" will not be driven.
/usr/local/share/pdk/sky130A/libs.ref/sky130_fd_sc_hd/verilog/sky130_fd_sc_hd.v:135157: warning: Timing checks are not supported and delayed signal "SCE_delayed" will not be driven.
/usr/local/share/pdk/sky130A/libs.ref/sky130_fd_sc_hd/verilog/sky130_fd_sc_hd.v:135158: warning: Timing checks are not supported and delayed signal "CLK_N_delayed" will not be driven.
/usr/local/share/pdk/sky130A/libs.ref/sky130_fd_sc_hd/verilog/sky130_fd_sc_hd.v:135158: warning: Timing checks are not supported and delayed signal "SCE_delayed" will not be driven.
/usr/local/share/pdk/sky130A/libs.ref/sky130_fd_sc_hd/verilog/sky130_fd_sc_hd.v:135159: warning: Timing checks are not supported and delayed signal "SET_B_delayed" will not be driven.
/usr/local/share/pdk/sky130A/libs.ref/sky130_fd_sc_hd/verilog/sky130_fd_sc_hd.v:135159: warning: Timing checks are not supported and delayed signal "RESET_B_delayed" will not be driven.
/usr/local/share/pdk/sky130A/libs.ref/sky130_fd_sc_hd/verilog/sky130_fd_sc_hd.v:135160: warning: Timing checks are not supported and delayed signal "RESET_B_delayed" will not be driven.
/usr/local/share/pdk/sky130A/libs.ref/sky130_fd_sc_hd/verilog/sky130_fd_sc_hd.v:135160: warning: Timing checks are not supported and delayed signal "SET_B_delayed" will not be driven.
/usr/local/share/pdk/sky130A/libs.ref/sky130_fd_sc_hd/verilog/sky130_fd_sc_hd.v:135620: warning: Timing checks are not supported and delayed signal "SET_B_delayed" will not be driven.
/usr/local/share/pdk/sky130A/libs.ref/sky130_fd_sc_hd/verilog/sky130_fd_sc_hd.v:135620: warning: Timing checks are not supported and delayed signal "CLK_N_delayed" will not be driven.
/usr/local/share/pdk/sky130A/libs.ref/sky130_fd_sc_hd/verilog/sky130_fd_sc_hd.v:135621: warning: Timing checks are not supported and delayed signal "RESET_B_delayed" will not be driven.
/usr/local/share/pdk/sky130A/libs.ref/sky130_fd_sc_hd/verilog/sky130_fd_sc_hd.v:135621: warning: Timing checks are not supported and delayed signal "CLK_N_delayed" will not be driven.
/usr/local/share/pdk/sky130A/libs.ref/sky130_fd_sc_hd/verilog/sky130_fd_sc_hd.v:135622: warning: Timing checks are not supported and delayed signal "CLK_N_delayed" will not be driven.
/usr/local/share/pdk/sky130A/libs.ref/sky130_fd_sc_hd/verilog/sky130_fd_sc_hd.v:135622: warning: Timing checks are not supported and delayed signal "D_delayed" will not be driven.
/usr/local/share/pdk/sky130A/libs.ref/sky130_fd_sc_hd/verilog/sky130_fd_sc_hd.v:135623: warning: Timing checks are not supported and delayed signal "CLK_N_delayed" will not be driven.
/usr/local/share/pdk/sky130A/libs.ref/sky130_fd_sc_hd/verilog/sky130_fd_sc_hd.v:135623: warning: Timing checks are not supported and delayed signal "D_delayed" will not be driven.
/usr/local/share/pdk/sky130A/libs.ref/sky130_fd_sc_hd/verilog/sky130_fd_sc_hd.v:135624: warning: Timing checks are not supported and delayed signal "CLK_N_delayed" will not be driven.
/usr/local/share/pdk/sky130A/libs.ref/sky130_fd_sc_hd/verilog/sky130_fd_sc_hd.v:135624: warning: Timing checks are not supported and delayed signal "SCD_delayed" will not be driven.
/usr/local/share/pdk/sky130A/libs.ref/sky130_fd_sc_hd/verilog/sky130_fd_sc_hd.v:135625: warning: Timing checks are not supported and delayed signal "CLK_N_delayed" will not be driven.
/usr/local/share/pdk/sky130A/libs.ref/sky130_fd_sc_hd/verilog/sky130_fd_sc_hd.v:135625: warning: Timing checks are not supported and delayed signal "SCD_delayed" will not be driven.
/usr/local/share/pdk/sky130A/libs.ref/sky130_fd_sc_hd/verilog/sky130_fd_sc_hd.v:135626: warning: Timing checks are not supported and delayed signal "CLK_N_delayed" will not be driven.
/usr/local/share/pdk/sky130A/libs.ref/sky130_fd_sc_hd/verilog/sky130_fd_sc_hd.v:135626: warning: Timing checks are not supported and delayed signal "SCE_delayed" will not be driven.
/usr/local/share/pdk/sky130A/libs.ref/sky130_fd_sc_hd/verilog/sky130_fd_sc_hd.v:135627: warning: Timing checks are not supported and delayed signal "CLK_N_delayed" will not be driven.
/usr/local/share/pdk/sky130A/libs.ref/sky130_fd_sc_hd/verilog/sky130_fd_sc_hd.v:135627: warning: Timing checks are not supported and delayed signal "SCE_delayed" will not be driven.
/usr/local/share/pdk/sky130A/libs.ref/sky130_fd_sc_hd/verilog/sky130_fd_sc_hd.v:135628: warning: Timing checks are not supported and delayed signal "SET_B_delayed" will not be driven.
/usr/local/share/pdk/sky130A/libs.ref/sky130_fd_sc_hd/verilog/sky130_fd_sc_hd.v:135628: warning: Timing checks are not supported and delayed signal "RESET_B_delayed" will not be driven.
/usr/local/share/pdk/sky130A/libs.ref/sky130_fd_sc_hd/verilog/sky130_fd_sc_hd.v:135629: warning: Timing checks are not supported and delayed signal "RESET_B_delayed" will not be driven.
/usr/local/share/pdk/sky130A/libs.ref/sky130_fd_sc_hd/verilog/sky130_fd_sc_hd.v:135629: warning: Timing checks are not supported and delayed signal "SET_B_delayed" will not be driven.
/usr/local/share/pdk/sky130A/libs.ref/sky130_fd_sc_hd/verilog/sky130_fd_sc_hd.v:136081: warning: Timing checks are not supported and delayed signal "SET_B_delayed" will not be driven.
/usr/local/share/pdk/sky130A/libs.ref/sky130_fd_sc_hd/verilog/sky130_fd_sc_hd.v:136081: warning: Timing checks are not supported and delayed signal "CLK_delayed" will not be driven.
/usr/local/share/pdk/sky130A/libs.ref/sky130_fd_sc_hd/verilog/sky130_fd_sc_hd.v:136082: warning: Timing checks are not supported and delayed signal "RESET_B_delayed" will not be driven.
/usr/local/share/pdk/sky130A/libs.ref/sky130_fd_sc_hd/verilog/sky130_fd_sc_hd.v:136082: warning: Timing checks are not supported and delayed signal "CLK_delayed" will not be driven.
/usr/local/share/pdk/sky130A/libs.ref/sky130_fd_sc_hd/verilog/sky130_fd_sc_hd.v:136083: warning: Timing checks are not supported and delayed signal "CLK_delayed" will not be driven.
/usr/local/share/pdk/sky130A/libs.ref/sky130_fd_sc_hd/verilog/sky130_fd_sc_hd.v:136083: warning: Timing checks are not supported and delayed signal "D_delayed" will not be driven.
/usr/local/share/pdk/sky130A/libs.ref/sky130_fd_sc_hd/verilog/sky130_fd_sc_hd.v:136084: warning: Timing checks are not supported and delayed signal "CLK_delayed" will not be driven.
/usr/local/share/pdk/sky130A/libs.ref/sky130_fd_sc_hd/verilog/sky130_fd_sc_hd.v:136084: warning: Timing checks are not supported and delayed signal "D_delayed" will not be driven.
/usr/local/share/pdk/sky130A/libs.ref/sky130_fd_sc_hd/verilog/sky130_fd_sc_hd.v:136085: warning: Timing checks are not supported and delayed signal "CLK_delayed" will not be driven.
/usr/local/share/pdk/sky130A/libs.ref/sky130_fd_sc_hd/verilog/sky130_fd_sc_hd.v:136085: warning: Timing checks are not supported and delayed signal "SCD_delayed" will not be driven.
/usr/local/share/pdk/sky130A/libs.ref/sky130_fd_sc_hd/verilog/sky130_fd_sc_hd.v:136086: warning: Timing checks are not supported and delayed signal "CLK_delayed" will not be driven.
/usr/local/share/pdk/sky130A/libs.ref/sky130_fd_sc_hd/verilog/sky130_fd_sc_hd.v:136086: warning: Timing checks are not supported and delayed signal "SCD_delayed" will not be driven.
/usr/local/share/pdk/sky130A/libs.ref/sky130_fd_sc_hd/verilog/sky130_fd_sc_hd.v:136087: warning: Timing checks are not supported and delayed signal "CLK_delayed" will not be driven.
/usr/local/share/pdk/sky130A/libs.ref/sky130_fd_sc_hd/verilog/sky130_fd_sc_hd.v:136087: warning: Timing checks are not supported and delayed signal "SCE_delayed" will not be driven.
/usr/local/share/pdk/sky130A/libs.ref/sky130_fd_sc_hd/verilog/sky130_fd_sc_hd.v:136088: warning: Timing checks are not supported and delayed signal "CLK_delayed" will not be driven.
/usr/local/share/pdk/sky130A/libs.ref/sky130_fd_sc_hd/verilog/sky130_fd_sc_hd.v:136088: warning: Timing checks are not supported and delayed signal "SCE_delayed" will not be driven.
/usr/local/share/pdk/sky130A/libs.ref/sky130_fd_sc_hd/verilog/sky130_fd_sc_hd.v:136089: warning: Timing checks are not supported and delayed signal "SET_B_delayed" will not be driven.
/usr/local/share/pdk/sky130A/libs.ref/sky130_fd_sc_hd/verilog/sky130_fd_sc_hd.v:136089: warning: Timing checks are not supported and delayed signal "RESET_B_delayed" will not be driven.
/usr/local/share/pdk/sky130A/libs.ref/sky130_fd_sc_hd/verilog/sky130_fd_sc_hd.v:136090: warning: Timing checks are not supported and delayed signal "RESET_B_delayed" will not be driven.
/usr/local/share/pdk/sky130A/libs.ref/sky130_fd_sc_hd/verilog/sky130_fd_sc_hd.v:136090: warning: Timing checks are not supported and delayed signal "SET_B_delayed" will not be driven.
/usr/local/share/pdk/sky130A/libs.ref/sky130_fd_sc_hd/verilog/sky130_fd_sc_hd.v:136512: warning: Timing checks are not supported and delayed signal "RESET_B_delayed" will not be driven.
/usr/local/share/pdk/sky130A/libs.ref/sky130_fd_sc_hd/verilog/sky130_fd_sc_hd.v:136512: warning: Timing checks are not supported and delayed signal "CLK_delayed" will not be driven.
/usr/local/share/pdk/sky130A/libs.ref/sky130_fd_sc_hd/verilog/sky130_fd_sc_hd.v:136513: warning: Timing checks are not supported and delayed signal "CLK_delayed" will not be driven.
/usr/local/share/pdk/sky130A/libs.ref/sky130_fd_sc_hd/verilog/sky130_fd_sc_hd.v:136513: warning: Timing checks are not supported and delayed signal "D_delayed" will not be driven.
/usr/local/share/pdk/sky130A/libs.ref/sky130_fd_sc_hd/verilog/sky130_fd_sc_hd.v:136514: warning: Timing checks are not supported and delayed signal "CLK_delayed" will not be driven.
/usr/local/share/pdk/sky130A/libs.ref/sky130_fd_sc_hd/verilog/sky130_fd_sc_hd.v:136514: warning: Timing checks are not supported and delayed signal "D_delayed" will not be driven.
/usr/local/share/pdk/sky130A/libs.ref/sky130_fd_sc_hd/verilog/sky130_fd_sc_hd.v:136515: warning: Timing checks are not supported and delayed signal "CLK_delayed" will not be driven.
/usr/local/share/pdk/sky130A/libs.ref/sky130_fd_sc_hd/verilog/sky130_fd_sc_hd.v:136515: warning: Timing checks are not supported and delayed signal "SCD_delayed" will not be driven.
/usr/local/share/pdk/sky130A/libs.ref/sky130_fd_sc_hd/verilog/sky130_fd_sc_hd.v:136516: warning: Timing checks are not supported and delayed signal "CLK_delayed" will not be driven.
/usr/local/share/pdk/sky130A/libs.ref/sky130_fd_sc_hd/verilog/sky130_fd_sc_hd.v:136516: warning: Timing checks are not supported and delayed signal "SCD_delayed" will not be driven.
/usr/local/share/pdk/sky130A/libs.ref/sky130_fd_sc_hd/verilog/sky130_fd_sc_hd.v:136517: warning: Timing checks are not supported and delayed signal "CLK_delayed" will not be driven.
/usr/local/share/pdk/sky130A/libs.ref/sky130_fd_sc_hd/verilog/sky130_fd_sc_hd.v:136517: warning: Timing checks are not supported and delayed signal "SCE_delayed" will not be driven.
/usr/local/share/pdk/sky130A/libs.ref/sky130_fd_sc_hd/verilog/sky130_fd_sc_hd.v:136518: warning: Timing checks are not supported and delayed signal "CLK_delayed" will not be driven.
/usr/local/share/pdk/sky130A/libs.ref/sky130_fd_sc_hd/verilog/sky130_fd_sc_hd.v:136518: warning: Timing checks are not supported and delayed signal "SCE_delayed" will not be driven.
/usr/local/share/pdk/sky130A/libs.ref/sky130_fd_sc_hd/verilog/sky130_fd_sc_hd.v:136939: warning: Timing checks are not supported and delayed signal "RESET_B_delayed" will not be driven.
/usr/local/share/pdk/sky130A/libs.ref/sky130_fd_sc_hd/verilog/sky130_fd_sc_hd.v:136939: warning: Timing checks are not supported and delayed signal "CLK_delayed" will not be driven.
/usr/local/share/pdk/sky130A/libs.ref/sky130_fd_sc_hd/verilog/sky130_fd_sc_hd.v:136940: warning: Timing checks are not supported and delayed signal "CLK_delayed" will not be driven.
/usr/local/share/pdk/sky130A/libs.ref/sky130_fd_sc_hd/verilog/sky130_fd_sc_hd.v:136940: warning: Timing checks are not supported and delayed signal "D_delayed" will not be driven.
/usr/local/share/pdk/sky130A/libs.ref/sky130_fd_sc_hd/verilog/sky130_fd_sc_hd.v:136941: warning: Timing checks are not supported and delayed signal "CLK_delayed" will not be driven.
/usr/local/share/pdk/sky130A/libs.ref/sky130_fd_sc_hd/verilog/sky130_fd_sc_hd.v:136941: warning: Timing checks are not supported and delayed signal "D_delayed" will not be driven.
/usr/local/share/pdk/sky130A/libs.ref/sky130_fd_sc_hd/verilog/sky130_fd_sc_hd.v:136942: warning: Timing checks are not supported and delayed signal "CLK_delayed" will not be driven.
/usr/local/share/pdk/sky130A/libs.ref/sky130_fd_sc_hd/verilog/sky130_fd_sc_hd.v:136942: warning: Timing checks are not supported and delayed signal "SCD_delayed" will not be driven.
/usr/local/share/pdk/sky130A/libs.ref/sky130_fd_sc_hd/verilog/sky130_fd_sc_hd.v:136943: warning: Timing checks are not supported and delayed signal "CLK_delayed" will not be driven.
/usr/local/share/pdk/sky130A/libs.ref/sky130_fd_sc_hd/verilog/sky130_fd_sc_hd.v:136943: warning: Timing checks are not supported and delayed signal "SCD_delayed" will not be driven.
/usr/local/share/pdk/sky130A/libs.ref/sky130_fd_sc_hd/verilog/sky130_fd_sc_hd.v:136944: warning: Timing checks are not supported and delayed signal "CLK_delayed" will not be driven.
/usr/local/share/pdk/sky130A/libs.ref/sky130_fd_sc_hd/verilog/sky130_fd_sc_hd.v:136944: warning: Timing checks are not supported and delayed signal "SCE_delayed" will not be driven.
/usr/local/share/pdk/sky130A/libs.ref/sky130_fd_sc_hd/verilog/sky130_fd_sc_hd.v:136945: warning: Timing checks are not supported and delayed signal "CLK_delayed" will not be driven.
/usr/local/share/pdk/sky130A/libs.ref/sky130_fd_sc_hd/verilog/sky130_fd_sc_hd.v:136945: warning: Timing checks are not supported and delayed signal "SCE_delayed" will not be driven.
/usr/local/share/pdk/sky130A/libs.ref/sky130_fd_sc_hd/verilog/sky130_fd_sc_hd.v:137358: warning: Timing checks are not supported and delayed signal "RESET_B_delayed" will not be driven.
/usr/local/share/pdk/sky130A/libs.ref/sky130_fd_sc_hd/verilog/sky130_fd_sc_hd.v:137358: warning: Timing checks are not supported and delayed signal "CLK_N_delayed" will not be driven.
/usr/local/share/pdk/sky130A/libs.ref/sky130_fd_sc_hd/verilog/sky130_fd_sc_hd.v:137359: warning: Timing checks are not supported and delayed signal "CLK_N_delayed" will not be driven.
/usr/local/share/pdk/sky130A/libs.ref/sky130_fd_sc_hd/verilog/sky130_fd_sc_hd.v:137359: warning: Timing checks are not supported and delayed signal "D_delayed" will not be driven.
/usr/local/share/pdk/sky130A/libs.ref/sky130_fd_sc_hd/verilog/sky130_fd_sc_hd.v:137360: warning: Timing checks are not supported and delayed signal "CLK_N_delayed" will not be driven.
/usr/local/share/pdk/sky130A/libs.ref/sky130_fd_sc_hd/verilog/sky130_fd_sc_hd.v:137360: warning: Timing checks are not supported and delayed signal "D_delayed" will not be driven.
/usr/local/share/pdk/sky130A/libs.ref/sky130_fd_sc_hd/verilog/sky130_fd_sc_hd.v:137361: warning: Timing checks are not supported and delayed signal "CLK_N_delayed" will not be driven.
/usr/local/share/pdk/sky130A/libs.ref/sky130_fd_sc_hd/verilog/sky130_fd_sc_hd.v:137361: warning: Timing checks are not supported and delayed signal "SCD_delayed" will not be driven.
/usr/local/share/pdk/sky130A/libs.ref/sky130_fd_sc_hd/verilog/sky130_fd_sc_hd.v:137362: warning: Timing checks are not supported and delayed signal "CLK_N_delayed" will not be driven.
/usr/local/share/pdk/sky130A/libs.ref/sky130_fd_sc_hd/verilog/sky130_fd_sc_hd.v:137362: warning: Timing checks are not supported and delayed signal "SCD_delayed" will not be driven.
/usr/local/share/pdk/sky130A/libs.ref/sky130_fd_sc_hd/verilog/sky130_fd_sc_hd.v:137363: warning: Timing checks are not supported and delayed signal "CLK_N_delayed" will not be driven.
/usr/local/share/pdk/sky130A/libs.ref/sky130_fd_sc_hd/verilog/sky130_fd_sc_hd.v:137363: warning: Timing checks are not supported and delayed signal "SCE_delayed" will not be driven.
/usr/local/share/pdk/sky130A/libs.ref/sky130_fd_sc_hd/verilog/sky130_fd_sc_hd.v:137364: warning: Timing checks are not supported and delayed signal "CLK_N_delayed" will not be driven.
/usr/local/share/pdk/sky130A/libs.ref/sky130_fd_sc_hd/verilog/sky130_fd_sc_hd.v:137364: warning: Timing checks are not supported and delayed signal "SCE_delayed" will not be driven.
/usr/local/share/pdk/sky130A/libs.ref/sky130_fd_sc_hd/verilog/sky130_fd_sc_hd.v:137769: warning: Timing checks are not supported and delayed signal "RESET_B_delayed" will not be driven.
/usr/local/share/pdk/sky130A/libs.ref/sky130_fd_sc_hd/verilog/sky130_fd_sc_hd.v:137769: warning: Timing checks are not supported and delayed signal "CLK_delayed" will not be driven.
/usr/local/share/pdk/sky130A/libs.ref/sky130_fd_sc_hd/verilog/sky130_fd_sc_hd.v:137770: warning: Timing checks are not supported and delayed signal "CLK_delayed" will not be driven.
/usr/local/share/pdk/sky130A/libs.ref/sky130_fd_sc_hd/verilog/sky130_fd_sc_hd.v:137770: warning: Timing checks are not supported and delayed signal "D_delayed" will not be driven.
/usr/local/share/pdk/sky130A/libs.ref/sky130_fd_sc_hd/verilog/sky130_fd_sc_hd.v:137771: warning: Timing checks are not supported and delayed signal "CLK_delayed" will not be driven.
/usr/local/share/pdk/sky130A/libs.ref/sky130_fd_sc_hd/verilog/sky130_fd_sc_hd.v:137771: warning: Timing checks are not supported and delayed signal "D_delayed" will not be driven.
/usr/local/share/pdk/sky130A/libs.ref/sky130_fd_sc_hd/verilog/sky130_fd_sc_hd.v:137772: warning: Timing checks are not supported and delayed signal "CLK_delayed" will not be driven.
/usr/local/share/pdk/sky130A/libs.ref/sky130_fd_sc_hd/verilog/sky130_fd_sc_hd.v:137772: warning: Timing checks are not supported and delayed signal "SCD_delayed" will not be driven.
/usr/local/share/pdk/sky130A/libs.ref/sky130_fd_sc_hd/verilog/sky130_fd_sc_hd.v:137773: warning: Timing checks are not supported and delayed signal "CLK_delayed" will not be driven.
/usr/local/share/pdk/sky130A/libs.ref/sky130_fd_sc_hd/verilog/sky130_fd_sc_hd.v:137773: warning: Timing checks are not supported and delayed signal "SCD_delayed" will not be driven.
/usr/local/share/pdk/sky130A/libs.ref/sky130_fd_sc_hd/verilog/sky130_fd_sc_hd.v:137774: warning: Timing checks are not supported and delayed signal "CLK_delayed" will not be driven.
/usr/local/share/pdk/sky130A/libs.ref/sky130_fd_sc_hd/verilog/sky130_fd_sc_hd.v:137774: warning: Timing checks are not supported and delayed signal "SCE_delayed" will not be driven.
/usr/local/share/pdk/sky130A/libs.ref/sky130_fd_sc_hd/verilog/sky130_fd_sc_hd.v:137775: warning: Timing checks are not supported and delayed signal "CLK_delayed" will not be driven.
/usr/local/share/pdk/sky130A/libs.ref/sky130_fd_sc_hd/verilog/sky130_fd_sc_hd.v:137775: warning: Timing checks are not supported and delayed signal "SCE_delayed" will not be driven.
/usr/local/share/pdk/sky130A/libs.ref/sky130_fd_sc_hd/verilog/sky130_fd_sc_hd.v:138180: warning: Timing checks are not supported and delayed signal "RESET_B_delayed" will not be driven.
/usr/local/share/pdk/sky130A/libs.ref/sky130_fd_sc_hd/verilog/sky130_fd_sc_hd.v:138180: warning: Timing checks are not supported and delayed signal "CLK_delayed" will not be driven.
/usr/local/share/pdk/sky130A/libs.ref/sky130_fd_sc_hd/verilog/sky130_fd_sc_hd.v:138181: warning: Timing checks are not supported and delayed signal "CLK_delayed" will not be driven.
/usr/local/share/pdk/sky130A/libs.ref/sky130_fd_sc_hd/verilog/sky130_fd_sc_hd.v:138181: warning: Timing checks are not supported and delayed signal "D_delayed" will not be driven.
/usr/local/share/pdk/sky130A/libs.ref/sky130_fd_sc_hd/verilog/sky130_fd_sc_hd.v:138182: warning: Timing checks are not supported and delayed signal "CLK_delayed" will not be driven.
/usr/local/share/pdk/sky130A/libs.ref/sky130_fd_sc_hd/verilog/sky130_fd_sc_hd.v:138182: warning: Timing checks are not supported and delayed signal "D_delayed" will not be driven.
/usr/local/share/pdk/sky130A/libs.ref/sky130_fd_sc_hd/verilog/sky130_fd_sc_hd.v:138183: warning: Timing checks are not supported and delayed signal "CLK_delayed" will not be driven.
/usr/local/share/pdk/sky130A/libs.ref/sky130_fd_sc_hd/verilog/sky130_fd_sc_hd.v:138183: warning: Timing checks are not supported and delayed signal "SCD_delayed" will not be driven.
/usr/local/share/pdk/sky130A/libs.ref/sky130_fd_sc_hd/verilog/sky130_fd_sc_hd.v:138184: warning: Timing checks are not supported and delayed signal "CLK_delayed" will not be driven.
/usr/local/share/pdk/sky130A/libs.ref/sky130_fd_sc_hd/verilog/sky130_fd_sc_hd.v:138184: warning: Timing checks are not supported and delayed signal "SCD_delayed" will not be driven.
/usr/local/share/pdk/sky130A/libs.ref/sky130_fd_sc_hd/verilog/sky130_fd_sc_hd.v:138185: warning: Timing checks are not supported and delayed signal "CLK_delayed" will not be driven.
/usr/local/share/pdk/sky130A/libs.ref/sky130_fd_sc_hd/verilog/sky130_fd_sc_hd.v:138185: warning: Timing checks are not supported and delayed signal "SCE_delayed" will not be driven.
/usr/local/share/pdk/sky130A/libs.ref/sky130_fd_sc_hd/verilog/sky130_fd_sc_hd.v:138186: warning: Timing checks are not supported and delayed signal "CLK_delayed" will not be driven.
/usr/local/share/pdk/sky130A/libs.ref/sky130_fd_sc_hd/verilog/sky130_fd_sc_hd.v:138186: warning: Timing checks are not supported and delayed signal "SCE_delayed" will not be driven.
/usr/local/share/pdk/sky130A/libs.ref/sky130_fd_sc_hd/verilog/sky130_fd_sc_hd.v:138591: warning: Timing checks are not supported and delayed signal "RESET_B_delayed" will not be driven.
/usr/local/share/pdk/sky130A/libs.ref/sky130_fd_sc_hd/verilog/sky130_fd_sc_hd.v:138591: warning: Timing checks are not supported and delayed signal "CLK_delayed" will not be driven.
/usr/local/share/pdk/sky130A/libs.ref/sky130_fd_sc_hd/verilog/sky130_fd_sc_hd.v:138592: warning: Timing checks are not supported and delayed signal "CLK_delayed" will not be driven.
/usr/local/share/pdk/sky130A/libs.ref/sky130_fd_sc_hd/verilog/sky130_fd_sc_hd.v:138592: warning: Timing checks are not supported and delayed signal "D_delayed" will not be driven.
/usr/local/share/pdk/sky130A/libs.ref/sky130_fd_sc_hd/verilog/sky130_fd_sc_hd.v:138593: warning: Timing checks are not supported and delayed signal "CLK_delayed" will not be driven.
/usr/local/share/pdk/sky130A/libs.ref/sky130_fd_sc_hd/verilog/sky130_fd_sc_hd.v:138593: warning: Timing checks are not supported and delayed signal "D_delayed" will not be driven.
/usr/local/share/pdk/sky130A/libs.ref/sky130_fd_sc_hd/verilog/sky130_fd_sc_hd.v:138594: warning: Timing checks are not supported and delayed signal "CLK_delayed" will not be driven.
/usr/local/share/pdk/sky130A/libs.ref/sky130_fd_sc_hd/verilog/sky130_fd_sc_hd.v:138594: warning: Timing checks are not supported and delayed signal "SCD_delayed" will not be driven.
/usr/local/share/pdk/sky130A/libs.ref/sky130_fd_sc_hd/verilog/sky130_fd_sc_hd.v:138595: warning: Timing checks are not supported and delayed signal "CLK_delayed" will not be driven.
/usr/local/share/pdk/sky130A/libs.ref/sky130_fd_sc_hd/verilog/sky130_fd_sc_hd.v:138595: warning: Timing checks are not supported and delayed signal "SCD_delayed" will not be driven.
/usr/local/share/pdk/sky130A/libs.ref/sky130_fd_sc_hd/verilog/sky130_fd_sc_hd.v:138596: warning: Timing checks are not supported and delayed signal "CLK_delayed" will not be driven.
/usr/local/share/pdk/sky130A/libs.ref/sky130_fd_sc_hd/verilog/sky130_fd_sc_hd.v:138596: warning: Timing checks are not supported and delayed signal "SCE_delayed" will not be driven.
/usr/local/share/pdk/sky130A/libs.ref/sky130_fd_sc_hd/verilog/sky130_fd_sc_hd.v:138597: warning: Timing checks are not supported and delayed signal "CLK_delayed" will not be driven.
/usr/local/share/pdk/sky130A/libs.ref/sky130_fd_sc_hd/verilog/sky130_fd_sc_hd.v:138597: warning: Timing checks are not supported and delayed signal "SCE_delayed" will not be driven.
/usr/local/share/pdk/sky130A/libs.ref/sky130_fd_sc_hd/verilog/sky130_fd_sc_hd.v:139018: warning: Timing checks are not supported and delayed signal "SET_B_delayed" will not be driven.
/usr/local/share/pdk/sky130A/libs.ref/sky130_fd_sc_hd/verilog/sky130_fd_sc_hd.v:139018: warning: Timing checks are not supported and delayed signal "CLK_delayed" will not be driven.
/usr/local/share/pdk/sky130A/libs.ref/sky130_fd_sc_hd/verilog/sky130_fd_sc_hd.v:139019: warning: Timing checks are not supported and delayed signal "CLK_delayed" will not be driven.
/usr/local/share/pdk/sky130A/libs.ref/sky130_fd_sc_hd/verilog/sky130_fd_sc_hd.v:139019: warning: Timing checks are not supported and delayed signal "D_delayed" will not be driven.
/usr/local/share/pdk/sky130A/libs.ref/sky130_fd_sc_hd/verilog/sky130_fd_sc_hd.v:139020: warning: Timing checks are not supported and delayed signal "CLK_delayed" will not be driven.
/usr/local/share/pdk/sky130A/libs.ref/sky130_fd_sc_hd/verilog/sky130_fd_sc_hd.v:139020: warning: Timing checks are not supported and delayed signal "D_delayed" will not be driven.
/usr/local/share/pdk/sky130A/libs.ref/sky130_fd_sc_hd/verilog/sky130_fd_sc_hd.v:139021: warning: Timing checks are not supported and delayed signal "CLK_delayed" will not be driven.
/usr/local/share/pdk/sky130A/libs.ref/sky130_fd_sc_hd/verilog/sky130_fd_sc_hd.v:139021: warning: Timing checks are not supported and delayed signal "SCD_delayed" will not be driven.
/usr/local/share/pdk/sky130A/libs.ref/sky130_fd_sc_hd/verilog/sky130_fd_sc_hd.v:139022: warning: Timing checks are not supported and delayed signal "CLK_delayed" will not be driven.
/usr/local/share/pdk/sky130A/libs.ref/sky130_fd_sc_hd/verilog/sky130_fd_sc_hd.v:139022: warning: Timing checks are not supported and delayed signal "SCD_delayed" will not be driven.
/usr/local/share/pdk/sky130A/libs.ref/sky130_fd_sc_hd/verilog/sky130_fd_sc_hd.v:139023: warning: Timing checks are not supported and delayed signal "CLK_delayed" will not be driven.
/usr/local/share/pdk/sky130A/libs.ref/sky130_fd_sc_hd/verilog/sky130_fd_sc_hd.v:139023: warning: Timing checks are not supported and delayed signal "SCE_delayed" will not be driven.
/usr/local/share/pdk/sky130A/libs.ref/sky130_fd_sc_hd/verilog/sky130_fd_sc_hd.v:139024: warning: Timing checks are not supported and delayed signal "CLK_delayed" will not be driven.
/usr/local/share/pdk/sky130A/libs.ref/sky130_fd_sc_hd/verilog/sky130_fd_sc_hd.v:139024: warning: Timing checks are not supported and delayed signal "SCE_delayed" will not be driven.
/usr/local/share/pdk/sky130A/libs.ref/sky130_fd_sc_hd/verilog/sky130_fd_sc_hd.v:139445: warning: Timing checks are not supported and delayed signal "SET_B_delayed" will not be driven.
/usr/local/share/pdk/sky130A/libs.ref/sky130_fd_sc_hd/verilog/sky130_fd_sc_hd.v:139445: warning: Timing checks are not supported and delayed signal "CLK_delayed" will not be driven.
/usr/local/share/pdk/sky130A/libs.ref/sky130_fd_sc_hd/verilog/sky130_fd_sc_hd.v:139446: warning: Timing checks are not supported and delayed signal "CLK_delayed" will not be driven.
/usr/local/share/pdk/sky130A/libs.ref/sky130_fd_sc_hd/verilog/sky130_fd_sc_hd.v:139446: warning: Timing checks are not supported and delayed signal "D_delayed" will not be driven.
/usr/local/share/pdk/sky130A/libs.ref/sky130_fd_sc_hd/verilog/sky130_fd_sc_hd.v:139447: warning: Timing checks are not supported and delayed signal "CLK_delayed" will not be driven.
/usr/local/share/pdk/sky130A/libs.ref/sky130_fd_sc_hd/verilog/sky130_fd_sc_hd.v:139447: warning: Timing checks are not supported and delayed signal "D_delayed" will not be driven.
/usr/local/share/pdk/sky130A/libs.ref/sky130_fd_sc_hd/verilog/sky130_fd_sc_hd.v:139448: warning: Timing checks are not supported and delayed signal "CLK_delayed" will not be driven.
/usr/local/share/pdk/sky130A/libs.ref/sky130_fd_sc_hd/verilog/sky130_fd_sc_hd.v:139448: warning: Timing checks are not supported and delayed signal "SCD_delayed" will not be driven.
/usr/local/share/pdk/sky130A/libs.ref/sky130_fd_sc_hd/verilog/sky130_fd_sc_hd.v:139449: warning: Timing checks are not supported and delayed signal "CLK_delayed" will not be driven.
/usr/local/share/pdk/sky130A/libs.ref/sky130_fd_sc_hd/verilog/sky130_fd_sc_hd.v:139449: warning: Timing checks are not supported and delayed signal "SCD_delayed" will not be driven.
/usr/local/share/pdk/sky130A/libs.ref/sky130_fd_sc_hd/verilog/sky130_fd_sc_hd.v:139450: warning: Timing checks are not supported and delayed signal "CLK_delayed" will not be driven.
/usr/local/share/pdk/sky130A/libs.ref/sky130_fd_sc_hd/verilog/sky130_fd_sc_hd.v:139450: warning: Timing checks are not supported and delayed signal "SCE_delayed" will not be driven.
/usr/local/share/pdk/sky130A/libs.ref/sky130_fd_sc_hd/verilog/sky130_fd_sc_hd.v:139451: warning: Timing checks are not supported and delayed signal "CLK_delayed" will not be driven.
/usr/local/share/pdk/sky130A/libs.ref/sky130_fd_sc_hd/verilog/sky130_fd_sc_hd.v:139451: warning: Timing checks are not supported and delayed signal "SCE_delayed" will not be driven.
/usr/local/share/pdk/sky130A/libs.ref/sky130_fd_sc_hd/verilog/sky130_fd_sc_hd.v:139856: warning: Timing checks are not supported and delayed signal "SET_B_delayed" will not be driven.
/usr/local/share/pdk/sky130A/libs.ref/sky130_fd_sc_hd/verilog/sky130_fd_sc_hd.v:139856: warning: Timing checks are not supported and delayed signal "CLK_delayed" will not be driven.
/usr/local/share/pdk/sky130A/libs.ref/sky130_fd_sc_hd/verilog/sky130_fd_sc_hd.v:139857: warning: Timing checks are not supported and delayed signal "CLK_delayed" will not be driven.
/usr/local/share/pdk/sky130A/libs.ref/sky130_fd_sc_hd/verilog/sky130_fd_sc_hd.v:139857: warning: Timing checks are not supported and delayed signal "D_delayed" will not be driven.
/usr/local/share/pdk/sky130A/libs.ref/sky130_fd_sc_hd/verilog/sky130_fd_sc_hd.v:139858: warning: Timing checks are not supported and delayed signal "CLK_delayed" will not be driven.
/usr/local/share/pdk/sky130A/libs.ref/sky130_fd_sc_hd/verilog/sky130_fd_sc_hd.v:139858: warning: Timing checks are not supported and delayed signal "D_delayed" will not be driven.
/usr/local/share/pdk/sky130A/libs.ref/sky130_fd_sc_hd/verilog/sky130_fd_sc_hd.v:139859: warning: Timing checks are not supported and delayed signal "CLK_delayed" will not be driven.
/usr/local/share/pdk/sky130A/libs.ref/sky130_fd_sc_hd/verilog/sky130_fd_sc_hd.v:139859: warning: Timing checks are not supported and delayed signal "SCD_delayed" will not be driven.
/usr/local/share/pdk/sky130A/libs.ref/sky130_fd_sc_hd/verilog/sky130_fd_sc_hd.v:139860: warning: Timing checks are not supported and delayed signal "CLK_delayed" will not be driven.
/usr/local/share/pdk/sky130A/libs.ref/sky130_fd_sc_hd/verilog/sky130_fd_sc_hd.v:139860: warning: Timing checks are not supported and delayed signal "SCD_delayed" will not be driven.
/usr/local/share/pdk/sky130A/libs.ref/sky130_fd_sc_hd/verilog/sky130_fd_sc_hd.v:139861: warning: Timing checks are not supported and delayed signal "CLK_delayed" will not be driven.
/usr/local/share/pdk/sky130A/libs.ref/sky130_fd_sc_hd/verilog/sky130_fd_sc_hd.v:139861: warning: Timing checks are not supported and delayed signal "SCE_delayed" will not be driven.
/usr/local/share/pdk/sky130A/libs.ref/sky130_fd_sc_hd/verilog/sky130_fd_sc_hd.v:139862: warning: Timing checks are not supported and delayed signal "CLK_delayed" will not be driven.
/usr/local/share/pdk/sky130A/libs.ref/sky130_fd_sc_hd/verilog/sky130_fd_sc_hd.v:139862: warning: Timing checks are not supported and delayed signal "SCE_delayed" will not be driven.
/usr/local/share/pdk/sky130A/libs.ref/sky130_fd_sc_hd/verilog/sky130_fd_sc_hd.v:140267: warning: Timing checks are not supported and delayed signal "SET_B_delayed" will not be driven.
/usr/local/share/pdk/sky130A/libs.ref/sky130_fd_sc_hd/verilog/sky130_fd_sc_hd.v:140267: warning: Timing checks are not supported and delayed signal "CLK_delayed" will not be driven.
/usr/local/share/pdk/sky130A/libs.ref/sky130_fd_sc_hd/verilog/sky130_fd_sc_hd.v:140268: warning: Timing checks are not supported and delayed signal "CLK_delayed" will not be driven.
/usr/local/share/pdk/sky130A/libs.ref/sky130_fd_sc_hd/verilog/sky130_fd_sc_hd.v:140268: warning: Timing checks are not supported and delayed signal "D_delayed" will not be driven.
/usr/local/share/pdk/sky130A/libs.ref/sky130_fd_sc_hd/verilog/sky130_fd_sc_hd.v:140269: warning: Timing checks are not supported and delayed signal "CLK_delayed" will not be driven.
/usr/local/share/pdk/sky130A/libs.ref/sky130_fd_sc_hd/verilog/sky130_fd_sc_hd.v:140269: warning: Timing checks are not supported and delayed signal "D_delayed" will not be driven.
/usr/local/share/pdk/sky130A/libs.ref/sky130_fd_sc_hd/verilog/sky130_fd_sc_hd.v:140270: warning: Timing checks are not supported and delayed signal "CLK_delayed" will not be driven.
/usr/local/share/pdk/sky130A/libs.ref/sky130_fd_sc_hd/verilog/sky130_fd_sc_hd.v:140270: warning: Timing checks are not supported and delayed signal "SCD_delayed" will not be driven.
/usr/local/share/pdk/sky130A/libs.ref/sky130_fd_sc_hd/verilog/sky130_fd_sc_hd.v:140271: warning: Timing checks are not supported and delayed signal "CLK_delayed" will not be driven.
/usr/local/share/pdk/sky130A/libs.ref/sky130_fd_sc_hd/verilog/sky130_fd_sc_hd.v:140271: warning: Timing checks are not supported and delayed signal "SCD_delayed" will not be driven.
/usr/local/share/pdk/sky130A/libs.ref/sky130_fd_sc_hd/verilog/sky130_fd_sc_hd.v:140272: warning: Timing checks are not supported and delayed signal "CLK_delayed" will not be driven.
/usr/local/share/pdk/sky130A/libs.ref/sky130_fd_sc_hd/verilog/sky130_fd_sc_hd.v:140272: warning: Timing checks are not supported and delayed signal "SCE_delayed" will not be driven.
/usr/local/share/pdk/sky130A/libs.ref/sky130_fd_sc_hd/verilog/sky130_fd_sc_hd.v:140273: warning: Timing checks are not supported and delayed signal "CLK_delayed" will not be driven.
/usr/local/share/pdk/sky130A/libs.ref/sky130_fd_sc_hd/verilog/sky130_fd_sc_hd.v:140273: warning: Timing checks are not supported and delayed signal "SCE_delayed" will not be driven.
/usr/local/share/pdk/sky130A/libs.ref/sky130_fd_sc_hd/verilog/sky130_fd_sc_hd.v:140678: warning: Timing checks are not supported and delayed signal "SET_B_delayed" will not be driven.
/usr/local/share/pdk/sky130A/libs.ref/sky130_fd_sc_hd/verilog/sky130_fd_sc_hd.v:140678: warning: Timing checks are not supported and delayed signal "CLK_delayed" will not be driven.
/usr/local/share/pdk/sky130A/libs.ref/sky130_fd_sc_hd/verilog/sky130_fd_sc_hd.v:140679: warning: Timing checks are not supported and delayed signal "CLK_delayed" will not be driven.
/usr/local/share/pdk/sky130A/libs.ref/sky130_fd_sc_hd/verilog/sky130_fd_sc_hd.v:140679: warning: Timing checks are not supported and delayed signal "D_delayed" will not be driven.
/usr/local/share/pdk/sky130A/libs.ref/sky130_fd_sc_hd/verilog/sky130_fd_sc_hd.v:140680: warning: Timing checks are not supported and delayed signal "CLK_delayed" will not be driven.
/usr/local/share/pdk/sky130A/libs.ref/sky130_fd_sc_hd/verilog/sky130_fd_sc_hd.v:140680: warning: Timing checks are not supported and delayed signal "D_delayed" will not be driven.
/usr/local/share/pdk/sky130A/libs.ref/sky130_fd_sc_hd/verilog/sky130_fd_sc_hd.v:140681: warning: Timing checks are not supported and delayed signal "CLK_delayed" will not be driven.
/usr/local/share/pdk/sky130A/libs.ref/sky130_fd_sc_hd/verilog/sky130_fd_sc_hd.v:140681: warning: Timing checks are not supported and delayed signal "SCD_delayed" will not be driven.
/usr/local/share/pdk/sky130A/libs.ref/sky130_fd_sc_hd/verilog/sky130_fd_sc_hd.v:140682: warning: Timing checks are not supported and delayed signal "CLK_delayed" will not be driven.
/usr/local/share/pdk/sky130A/libs.ref/sky130_fd_sc_hd/verilog/sky130_fd_sc_hd.v:140682: warning: Timing checks are not supported and delayed signal "SCD_delayed" will not be driven.
/usr/local/share/pdk/sky130A/libs.ref/sky130_fd_sc_hd/verilog/sky130_fd_sc_hd.v:140683: warning: Timing checks are not supported and delayed signal "CLK_delayed" will not be driven.
/usr/local/share/pdk/sky130A/libs.ref/sky130_fd_sc_hd/verilog/sky130_fd_sc_hd.v:140683: warning: Timing checks are not supported and delayed signal "SCE_delayed" will not be driven.
/usr/local/share/pdk/sky130A/libs.ref/sky130_fd_sc_hd/verilog/sky130_fd_sc_hd.v:140684: warning: Timing checks are not supported and delayed signal "CLK_delayed" will not be driven.
/usr/local/share/pdk/sky130A/libs.ref/sky130_fd_sc_hd/verilog/sky130_fd_sc_hd.v:140684: warning: Timing checks are not supported and delayed signal "SCE_delayed" will not be driven.
/usr/local/share/pdk/sky130A/libs.ref/sky130_fd_sc_hd/verilog/sky130_fd_sc_hd.v:141068: warning: Timing checks are not supported and delayed signal "CLK_delayed" will not be driven.
/usr/local/share/pdk/sky130A/libs.ref/sky130_fd_sc_hd/verilog/sky130_fd_sc_hd.v:141068: warning: Timing checks are not supported and delayed signal "D_delayed" will not be driven.
/usr/local/share/pdk/sky130A/libs.ref/sky130_fd_sc_hd/verilog/sky130_fd_sc_hd.v:141069: warning: Timing checks are not supported and delayed signal "CLK_delayed" will not be driven.
/usr/local/share/pdk/sky130A/libs.ref/sky130_fd_sc_hd/verilog/sky130_fd_sc_hd.v:141069: warning: Timing checks are not supported and delayed signal "D_delayed" will not be driven.
/usr/local/share/pdk/sky130A/libs.ref/sky130_fd_sc_hd/verilog/sky130_fd_sc_hd.v:141070: warning: Timing checks are not supported and delayed signal "CLK_delayed" will not be driven.
/usr/local/share/pdk/sky130A/libs.ref/sky130_fd_sc_hd/verilog/sky130_fd_sc_hd.v:141070: warning: Timing checks are not supported and delayed signal "SCD_delayed" will not be driven.
/usr/local/share/pdk/sky130A/libs.ref/sky130_fd_sc_hd/verilog/sky130_fd_sc_hd.v:141071: warning: Timing checks are not supported and delayed signal "CLK_delayed" will not be driven.
/usr/local/share/pdk/sky130A/libs.ref/sky130_fd_sc_hd/verilog/sky130_fd_sc_hd.v:141071: warning: Timing checks are not supported and delayed signal "SCD_delayed" will not be driven.
/usr/local/share/pdk/sky130A/libs.ref/sky130_fd_sc_hd/verilog/sky130_fd_sc_hd.v:141072: warning: Timing checks are not supported and delayed signal "CLK_delayed" will not be driven.
/usr/local/share/pdk/sky130A/libs.ref/sky130_fd_sc_hd/verilog/sky130_fd_sc_hd.v:141072: warning: Timing checks are not supported and delayed signal "SCE_delayed" will not be driven.
/usr/local/share/pdk/sky130A/libs.ref/sky130_fd_sc_hd/verilog/sky130_fd_sc_hd.v:141073: warning: Timing checks are not supported and delayed signal "CLK_delayed" will not be driven.
/usr/local/share/pdk/sky130A/libs.ref/sky130_fd_sc_hd/verilog/sky130_fd_sc_hd.v:141073: warning: Timing checks are not supported and delayed signal "SCE_delayed" will not be driven.
/usr/local/share/pdk/sky130A/libs.ref/sky130_fd_sc_hd/verilog/sky130_fd_sc_hd.v:141456: warning: Timing checks are not supported and delayed signal "CLK_delayed" will not be driven.
/usr/local/share/pdk/sky130A/libs.ref/sky130_fd_sc_hd/verilog/sky130_fd_sc_hd.v:141456: warning: Timing checks are not supported and delayed signal "D_delayed" will not be driven.
/usr/local/share/pdk/sky130A/libs.ref/sky130_fd_sc_hd/verilog/sky130_fd_sc_hd.v:141457: warning: Timing checks are not supported and delayed signal "CLK_delayed" will not be driven.
/usr/local/share/pdk/sky130A/libs.ref/sky130_fd_sc_hd/verilog/sky130_fd_sc_hd.v:141457: warning: Timing checks are not supported and delayed signal "D_delayed" will not be driven.
/usr/local/share/pdk/sky130A/libs.ref/sky130_fd_sc_hd/verilog/sky130_fd_sc_hd.v:141458: warning: Timing checks are not supported and delayed signal "CLK_delayed" will not be driven.
/usr/local/share/pdk/sky130A/libs.ref/sky130_fd_sc_hd/verilog/sky130_fd_sc_hd.v:141458: warning: Timing checks are not supported and delayed signal "SCD_delayed" will not be driven.
/usr/local/share/pdk/sky130A/libs.ref/sky130_fd_sc_hd/verilog/sky130_fd_sc_hd.v:141459: warning: Timing checks are not supported and delayed signal "CLK_delayed" will not be driven.
/usr/local/share/pdk/sky130A/libs.ref/sky130_fd_sc_hd/verilog/sky130_fd_sc_hd.v:141459: warning: Timing checks are not supported and delayed signal "SCD_delayed" will not be driven.
/usr/local/share/pdk/sky130A/libs.ref/sky130_fd_sc_hd/verilog/sky130_fd_sc_hd.v:141460: warning: Timing checks are not supported and delayed signal "CLK_delayed" will not be driven.
/usr/local/share/pdk/sky130A/libs.ref/sky130_fd_sc_hd/verilog/sky130_fd_sc_hd.v:141460: warning: Timing checks are not supported and delayed signal "SCE_delayed" will not be driven.
/usr/local/share/pdk/sky130A/libs.ref/sky130_fd_sc_hd/verilog/sky130_fd_sc_hd.v:141461: warning: Timing checks are not supported and delayed signal "CLK_delayed" will not be driven.
/usr/local/share/pdk/sky130A/libs.ref/sky130_fd_sc_hd/verilog/sky130_fd_sc_hd.v:141461: warning: Timing checks are not supported and delayed signal "SCE_delayed" will not be driven.
/usr/local/share/pdk/sky130A/libs.ref/sky130_fd_sc_hd/verilog/sky130_fd_sc_hd.v:141830: warning: Timing checks are not supported and delayed signal "CLK_delayed" will not be driven.
/usr/local/share/pdk/sky130A/libs.ref/sky130_fd_sc_hd/verilog/sky130_fd_sc_hd.v:141830: warning: Timing checks are not supported and delayed signal "D_delayed" will not be driven.
/usr/local/share/pdk/sky130A/libs.ref/sky130_fd_sc_hd/verilog/sky130_fd_sc_hd.v:141831: warning: Timing checks are not supported and delayed signal "CLK_delayed" will not be driven.
/usr/local/share/pdk/sky130A/libs.ref/sky130_fd_sc_hd/verilog/sky130_fd_sc_hd.v:141831: warning: Timing checks are not supported and delayed signal "D_delayed" will not be driven.
/usr/local/share/pdk/sky130A/libs.ref/sky130_fd_sc_hd/verilog/sky130_fd_sc_hd.v:141832: warning: Timing checks are not supported and delayed signal "CLK_delayed" will not be driven.
/usr/local/share/pdk/sky130A/libs.ref/sky130_fd_sc_hd/verilog/sky130_fd_sc_hd.v:141832: warning: Timing checks are not supported and delayed signal "SCD_delayed" will not be driven.
/usr/local/share/pdk/sky130A/libs.ref/sky130_fd_sc_hd/verilog/sky130_fd_sc_hd.v:141833: warning: Timing checks are not supported and delayed signal "CLK_delayed" will not be driven.
/usr/local/share/pdk/sky130A/libs.ref/sky130_fd_sc_hd/verilog/sky130_fd_sc_hd.v:141833: warning: Timing checks are not supported and delayed signal "SCD_delayed" will not be driven.
/usr/local/share/pdk/sky130A/libs.ref/sky130_fd_sc_hd/verilog/sky130_fd_sc_hd.v:141834: warning: Timing checks are not supported and delayed signal "CLK_delayed" will not be driven.
/usr/local/share/pdk/sky130A/libs.ref/sky130_fd_sc_hd/verilog/sky130_fd_sc_hd.v:141834: warning: Timing checks are not supported and delayed signal "SCE_delayed" will not be driven.
/usr/local/share/pdk/sky130A/libs.ref/sky130_fd_sc_hd/verilog/sky130_fd_sc_hd.v:141835: warning: Timing checks are not supported and delayed signal "CLK_delayed" will not be driven.
/usr/local/share/pdk/sky130A/libs.ref/sky130_fd_sc_hd/verilog/sky130_fd_sc_hd.v:141835: warning: Timing checks are not supported and delayed signal "SCE_delayed" will not be driven.
/usr/local/share/pdk/sky130A/libs.ref/sky130_fd_sc_hd/verilog/sky130_fd_sc_hd.v:142204: warning: Timing checks are not supported and delayed signal "CLK_delayed" will not be driven.
/usr/local/share/pdk/sky130A/libs.ref/sky130_fd_sc_hd/verilog/sky130_fd_sc_hd.v:142204: warning: Timing checks are not supported and delayed signal "D_delayed" will not be driven.
/usr/local/share/pdk/sky130A/libs.ref/sky130_fd_sc_hd/verilog/sky130_fd_sc_hd.v:142205: warning: Timing checks are not supported and delayed signal "CLK_delayed" will not be driven.
/usr/local/share/pdk/sky130A/libs.ref/sky130_fd_sc_hd/verilog/sky130_fd_sc_hd.v:142205: warning: Timing checks are not supported and delayed signal "D_delayed" will not be driven.
/usr/local/share/pdk/sky130A/libs.ref/sky130_fd_sc_hd/verilog/sky130_fd_sc_hd.v:142206: warning: Timing checks are not supported and delayed signal "CLK_delayed" will not be driven.
/usr/local/share/pdk/sky130A/libs.ref/sky130_fd_sc_hd/verilog/sky130_fd_sc_hd.v:142206: warning: Timing checks are not supported and delayed signal "SCD_delayed" will not be driven.
/usr/local/share/pdk/sky130A/libs.ref/sky130_fd_sc_hd/verilog/sky130_fd_sc_hd.v:142207: warning: Timing checks are not supported and delayed signal "CLK_delayed" will not be driven.
/usr/local/share/pdk/sky130A/libs.ref/sky130_fd_sc_hd/verilog/sky130_fd_sc_hd.v:142207: warning: Timing checks are not supported and delayed signal "SCD_delayed" will not be driven.
/usr/local/share/pdk/sky130A/libs.ref/sky130_fd_sc_hd/verilog/sky130_fd_sc_hd.v:142208: warning: Timing checks are not supported and delayed signal "CLK_delayed" will not be driven.
/usr/local/share/pdk/sky130A/libs.ref/sky130_fd_sc_hd/verilog/sky130_fd_sc_hd.v:142208: warning: Timing checks are not supported and delayed signal "SCE_delayed" will not be driven.
/usr/local/share/pdk/sky130A/libs.ref/sky130_fd_sc_hd/verilog/sky130_fd_sc_hd.v:142209: warning: Timing checks are not supported and delayed signal "CLK_delayed" will not be driven.
/usr/local/share/pdk/sky130A/libs.ref/sky130_fd_sc_hd/verilog/sky130_fd_sc_hd.v:142209: warning: Timing checks are not supported and delayed signal "SCE_delayed" will not be driven.
/usr/local/share/pdk/sky130A/libs.ref/sky130_fd_sc_hd/verilog/sky130_fd_sc_hd.v:142578: warning: Timing checks are not supported and delayed signal "CLK_delayed" will not be driven.
/usr/local/share/pdk/sky130A/libs.ref/sky130_fd_sc_hd/verilog/sky130_fd_sc_hd.v:142578: warning: Timing checks are not supported and delayed signal "D_delayed" will not be driven.
/usr/local/share/pdk/sky130A/libs.ref/sky130_fd_sc_hd/verilog/sky130_fd_sc_hd.v:142579: warning: Timing checks are not supported and delayed signal "CLK_delayed" will not be driven.
/usr/local/share/pdk/sky130A/libs.ref/sky130_fd_sc_hd/verilog/sky130_fd_sc_hd.v:142579: warning: Timing checks are not supported and delayed signal "D_delayed" will not be driven.
/usr/local/share/pdk/sky130A/libs.ref/sky130_fd_sc_hd/verilog/sky130_fd_sc_hd.v:142580: warning: Timing checks are not supported and delayed signal "CLK_delayed" will not be driven.
/usr/local/share/pdk/sky130A/libs.ref/sky130_fd_sc_hd/verilog/sky130_fd_sc_hd.v:142580: warning: Timing checks are not supported and delayed signal "SCD_delayed" will not be driven.
/usr/local/share/pdk/sky130A/libs.ref/sky130_fd_sc_hd/verilog/sky130_fd_sc_hd.v:142581: warning: Timing checks are not supported and delayed signal "CLK_delayed" will not be driven.
/usr/local/share/pdk/sky130A/libs.ref/sky130_fd_sc_hd/verilog/sky130_fd_sc_hd.v:142581: warning: Timing checks are not supported and delayed signal "SCD_delayed" will not be driven.
/usr/local/share/pdk/sky130A/libs.ref/sky130_fd_sc_hd/verilog/sky130_fd_sc_hd.v:142582: warning: Timing checks are not supported and delayed signal "CLK_delayed" will not be driven.
/usr/local/share/pdk/sky130A/libs.ref/sky130_fd_sc_hd/verilog/sky130_fd_sc_hd.v:142582: warning: Timing checks are not supported and delayed signal "SCE_delayed" will not be driven.
/usr/local/share/pdk/sky130A/libs.ref/sky130_fd_sc_hd/verilog/sky130_fd_sc_hd.v:142583: warning: Timing checks are not supported and delayed signal "CLK_delayed" will not be driven.
/usr/local/share/pdk/sky130A/libs.ref/sky130_fd_sc_hd/verilog/sky130_fd_sc_hd.v:142583: warning: Timing checks are not supported and delayed signal "SCE_delayed" will not be driven.
/usr/local/share/pdk/sky130A/libs.ref/sky130_fd_sc_hd/verilog/sky130_fd_sc_hd.v:142951: warning: Timing checks are not supported and delayed signal "CLK_delayed" will not be driven.
/usr/local/share/pdk/sky130A/libs.ref/sky130_fd_sc_hd/verilog/sky130_fd_sc_hd.v:142951: warning: Timing checks are not supported and delayed signal "SCE_delayed" will not be driven.
/usr/local/share/pdk/sky130A/libs.ref/sky130_fd_sc_hd/verilog/sky130_fd_sc_hd.v:142952: warning: Timing checks are not supported and delayed signal "CLK_delayed" will not be driven.
/usr/local/share/pdk/sky130A/libs.ref/sky130_fd_sc_hd/verilog/sky130_fd_sc_hd.v:142952: warning: Timing checks are not supported and delayed signal "SCE_delayed" will not be driven.
/usr/local/share/pdk/sky130A/libs.ref/sky130_fd_sc_hd/verilog/sky130_fd_sc_hd.v:142953: warning: Timing checks are not supported and delayed signal "CLK_delayed" will not be driven.
/usr/local/share/pdk/sky130A/libs.ref/sky130_fd_sc_hd/verilog/sky130_fd_sc_hd.v:142953: warning: Timing checks are not supported and delayed signal "GATE_delayed" will not be driven.
/usr/local/share/pdk/sky130A/libs.ref/sky130_fd_sc_hd/verilog/sky130_fd_sc_hd.v:142954: warning: Timing checks are not supported and delayed signal "CLK_delayed" will not be driven.
/usr/local/share/pdk/sky130A/libs.ref/sky130_fd_sc_hd/verilog/sky130_fd_sc_hd.v:142954: warning: Timing checks are not supported and delayed signal "GATE_delayed" will not be driven.
/usr/local/share/pdk/sky130A/libs.ref/sky130_fd_sc_hd/verilog/sky130_fd_sc_hd.v:143321: warning: Timing checks are not supported and delayed signal "CLK_delayed" will not be driven.
/usr/local/share/pdk/sky130A/libs.ref/sky130_fd_sc_hd/verilog/sky130_fd_sc_hd.v:143321: warning: Timing checks are not supported and delayed signal "SCE_delayed" will not be driven.
/usr/local/share/pdk/sky130A/libs.ref/sky130_fd_sc_hd/verilog/sky130_fd_sc_hd.v:143322: warning: Timing checks are not supported and delayed signal "CLK_delayed" will not be driven.
/usr/local/share/pdk/sky130A/libs.ref/sky130_fd_sc_hd/verilog/sky130_fd_sc_hd.v:143322: warning: Timing checks are not supported and delayed signal "SCE_delayed" will not be driven.
/usr/local/share/pdk/sky130A/libs.ref/sky130_fd_sc_hd/verilog/sky130_fd_sc_hd.v:143323: warning: Timing checks are not supported and delayed signal "CLK_delayed" will not be driven.
/usr/local/share/pdk/sky130A/libs.ref/sky130_fd_sc_hd/verilog/sky130_fd_sc_hd.v:143323: warning: Timing checks are not supported and delayed signal "GATE_delayed" will not be driven.
/usr/local/share/pdk/sky130A/libs.ref/sky130_fd_sc_hd/verilog/sky130_fd_sc_hd.v:143324: warning: Timing checks are not supported and delayed signal "CLK_delayed" will not be driven.
/usr/local/share/pdk/sky130A/libs.ref/sky130_fd_sc_hd/verilog/sky130_fd_sc_hd.v:143324: warning: Timing checks are not supported and delayed signal "GATE_delayed" will not be driven.
/usr/local/share/pdk/sky130A/libs.ref/sky130_fd_sc_hd/verilog/sky130_fd_sc_hd.v:143691: warning: Timing checks are not supported and delayed signal "CLK_delayed" will not be driven.
/usr/local/share/pdk/sky130A/libs.ref/sky130_fd_sc_hd/verilog/sky130_fd_sc_hd.v:143691: warning: Timing checks are not supported and delayed signal "SCE_delayed" will not be driven.
/usr/local/share/pdk/sky130A/libs.ref/sky130_fd_sc_hd/verilog/sky130_fd_sc_hd.v:143692: warning: Timing checks are not supported and delayed signal "CLK_delayed" will not be driven.
/usr/local/share/pdk/sky130A/libs.ref/sky130_fd_sc_hd/verilog/sky130_fd_sc_hd.v:143692: warning: Timing checks are not supported and delayed signal "SCE_delayed" will not be driven.
/usr/local/share/pdk/sky130A/libs.ref/sky130_fd_sc_hd/verilog/sky130_fd_sc_hd.v:143693: warning: Timing checks are not supported and delayed signal "CLK_delayed" will not be driven.
/usr/local/share/pdk/sky130A/libs.ref/sky130_fd_sc_hd/verilog/sky130_fd_sc_hd.v:143693: warning: Timing checks are not supported and delayed signal "GATE_delayed" will not be driven.
/usr/local/share/pdk/sky130A/libs.ref/sky130_fd_sc_hd/verilog/sky130_fd_sc_hd.v:143694: warning: Timing checks are not supported and delayed signal "CLK_delayed" will not be driven.
/usr/local/share/pdk/sky130A/libs.ref/sky130_fd_sc_hd/verilog/sky130_fd_sc_hd.v:143694: warning: Timing checks are not supported and delayed signal "GATE_delayed" will not be driven.
/usr/local/share/pdk/sky130A/libs.ref/sky130_fd_sc_hd/verilog/sky130_fd_sc_hd.v:144101: warning: Timing checks are not supported and delayed signal "CLK_delayed" will not be driven.
/usr/local/share/pdk/sky130A/libs.ref/sky130_fd_sc_hd/verilog/sky130_fd_sc_hd.v:144101: warning: Timing checks are not supported and delayed signal "DE_delayed" will not be driven.
/usr/local/share/pdk/sky130A/libs.ref/sky130_fd_sc_hd/verilog/sky130_fd_sc_hd.v:144102: warning: Timing checks are not supported and delayed signal "CLK_delayed" will not be driven.
/usr/local/share/pdk/sky130A/libs.ref/sky130_fd_sc_hd/verilog/sky130_fd_sc_hd.v:144102: warning: Timing checks are not supported and delayed signal "DE_delayed" will not be driven.
/usr/local/share/pdk/sky130A/libs.ref/sky130_fd_sc_hd/verilog/sky130_fd_sc_hd.v:144103: warning: Timing checks are not supported and delayed signal "CLK_delayed" will not be driven.
/usr/local/share/pdk/sky130A/libs.ref/sky130_fd_sc_hd/verilog/sky130_fd_sc_hd.v:144103: warning: Timing checks are not supported and delayed signal "D_delayed" will not be driven.
/usr/local/share/pdk/sky130A/libs.ref/sky130_fd_sc_hd/verilog/sky130_fd_sc_hd.v:144104: warning: Timing checks are not supported and delayed signal "CLK_delayed" will not be driven.
/usr/local/share/pdk/sky130A/libs.ref/sky130_fd_sc_hd/verilog/sky130_fd_sc_hd.v:144104: warning: Timing checks are not supported and delayed signal "D_delayed" will not be driven.
/usr/local/share/pdk/sky130A/libs.ref/sky130_fd_sc_hd/verilog/sky130_fd_sc_hd.v:144105: warning: Timing checks are not supported and delayed signal "CLK_delayed" will not be driven.
/usr/local/share/pdk/sky130A/libs.ref/sky130_fd_sc_hd/verilog/sky130_fd_sc_hd.v:144105: warning: Timing checks are not supported and delayed signal "SCD_delayed" will not be driven.
/usr/local/share/pdk/sky130A/libs.ref/sky130_fd_sc_hd/verilog/sky130_fd_sc_hd.v:144106: warning: Timing checks are not supported and delayed signal "CLK_delayed" will not be driven.
/usr/local/share/pdk/sky130A/libs.ref/sky130_fd_sc_hd/verilog/sky130_fd_sc_hd.v:144106: warning: Timing checks are not supported and delayed signal "SCD_delayed" will not be driven.
/usr/local/share/pdk/sky130A/libs.ref/sky130_fd_sc_hd/verilog/sky130_fd_sc_hd.v:144107: warning: Timing checks are not supported and delayed signal "CLK_delayed" will not be driven.
/usr/local/share/pdk/sky130A/libs.ref/sky130_fd_sc_hd/verilog/sky130_fd_sc_hd.v:144107: warning: Timing checks are not supported and delayed signal "SCE_delayed" will not be driven.
/usr/local/share/pdk/sky130A/libs.ref/sky130_fd_sc_hd/verilog/sky130_fd_sc_hd.v:144108: warning: Timing checks are not supported and delayed signal "CLK_delayed" will not be driven.
/usr/local/share/pdk/sky130A/libs.ref/sky130_fd_sc_hd/verilog/sky130_fd_sc_hd.v:144108: warning: Timing checks are not supported and delayed signal "SCE_delayed" will not be driven.
/usr/local/share/pdk/sky130A/libs.ref/sky130_fd_sc_hd/verilog/sky130_fd_sc_hd.v:144516: warning: Timing checks are not supported and delayed signal "CLK_delayed" will not be driven.
/usr/local/share/pdk/sky130A/libs.ref/sky130_fd_sc_hd/verilog/sky130_fd_sc_hd.v:144516: warning: Timing checks are not supported and delayed signal "DE_delayed" will not be driven.
/usr/local/share/pdk/sky130A/libs.ref/sky130_fd_sc_hd/verilog/sky130_fd_sc_hd.v:144517: warning: Timing checks are not supported and delayed signal "CLK_delayed" will not be driven.
/usr/local/share/pdk/sky130A/libs.ref/sky130_fd_sc_hd/verilog/sky130_fd_sc_hd.v:144517: warning: Timing checks are not supported and delayed signal "DE_delayed" will not be driven.
/usr/local/share/pdk/sky130A/libs.ref/sky130_fd_sc_hd/verilog/sky130_fd_sc_hd.v:144518: warning: Timing checks are not supported and delayed signal "CLK_delayed" will not be driven.
/usr/local/share/pdk/sky130A/libs.ref/sky130_fd_sc_hd/verilog/sky130_fd_sc_hd.v:144518: warning: Timing checks are not supported and delayed signal "D_delayed" will not be driven.
/usr/local/share/pdk/sky130A/libs.ref/sky130_fd_sc_hd/verilog/sky130_fd_sc_hd.v:144519: warning: Timing checks are not supported and delayed signal "CLK_delayed" will not be driven.
/usr/local/share/pdk/sky130A/libs.ref/sky130_fd_sc_hd/verilog/sky130_fd_sc_hd.v:144519: warning: Timing checks are not supported and delayed signal "D_delayed" will not be driven.
/usr/local/share/pdk/sky130A/libs.ref/sky130_fd_sc_hd/verilog/sky130_fd_sc_hd.v:144520: warning: Timing checks are not supported and delayed signal "CLK_delayed" will not be driven.
/usr/local/share/pdk/sky130A/libs.ref/sky130_fd_sc_hd/verilog/sky130_fd_sc_hd.v:144520: warning: Timing checks are not supported and delayed signal "SCD_delayed" will not be driven.
/usr/local/share/pdk/sky130A/libs.ref/sky130_fd_sc_hd/verilog/sky130_fd_sc_hd.v:144521: warning: Timing checks are not supported and delayed signal "CLK_delayed" will not be driven.
/usr/local/share/pdk/sky130A/libs.ref/sky130_fd_sc_hd/verilog/sky130_fd_sc_hd.v:144521: warning: Timing checks are not supported and delayed signal "SCD_delayed" will not be driven.
/usr/local/share/pdk/sky130A/libs.ref/sky130_fd_sc_hd/verilog/sky130_fd_sc_hd.v:144522: warning: Timing checks are not supported and delayed signal "CLK_delayed" will not be driven.
/usr/local/share/pdk/sky130A/libs.ref/sky130_fd_sc_hd/verilog/sky130_fd_sc_hd.v:144522: warning: Timing checks are not supported and delayed signal "SCE_delayed" will not be driven.
/usr/local/share/pdk/sky130A/libs.ref/sky130_fd_sc_hd/verilog/sky130_fd_sc_hd.v:144523: warning: Timing checks are not supported and delayed signal "CLK_delayed" will not be driven.
/usr/local/share/pdk/sky130A/libs.ref/sky130_fd_sc_hd/verilog/sky130_fd_sc_hd.v:144523: warning: Timing checks are not supported and delayed signal "SCE_delayed" will not be driven.
/usr/local/share/pdk/sky130A/libs.ref/sky130_fd_sc_hd/verilog/sky130_fd_sc_hd.v:144917: warning: Timing checks are not supported and delayed signal "CLK_delayed" will not be driven.
/usr/local/share/pdk/sky130A/libs.ref/sky130_fd_sc_hd/verilog/sky130_fd_sc_hd.v:144917: warning: Timing checks are not supported and delayed signal "DE_delayed" will not be driven.
/usr/local/share/pdk/sky130A/libs.ref/sky130_fd_sc_hd/verilog/sky130_fd_sc_hd.v:144918: warning: Timing checks are not supported and delayed signal "CLK_delayed" will not be driven.
/usr/local/share/pdk/sky130A/libs.ref/sky130_fd_sc_hd/verilog/sky130_fd_sc_hd.v:144918: warning: Timing checks are not supported and delayed signal "DE_delayed" will not be driven.
/usr/local/share/pdk/sky130A/libs.ref/sky130_fd_sc_hd/verilog/sky130_fd_sc_hd.v:144919: warning: Timing checks are not supported and delayed signal "CLK_delayed" will not be driven.
/usr/local/share/pdk/sky130A/libs.ref/sky130_fd_sc_hd/verilog/sky130_fd_sc_hd.v:144919: warning: Timing checks are not supported and delayed signal "D_delayed" will not be driven.
/usr/local/share/pdk/sky130A/libs.ref/sky130_fd_sc_hd/verilog/sky130_fd_sc_hd.v:144920: warning: Timing checks are not supported and delayed signal "CLK_delayed" will not be driven.
/usr/local/share/pdk/sky130A/libs.ref/sky130_fd_sc_hd/verilog/sky130_fd_sc_hd.v:144920: warning: Timing checks are not supported and delayed signal "D_delayed" will not be driven.
/usr/local/share/pdk/sky130A/libs.ref/sky130_fd_sc_hd/verilog/sky130_fd_sc_hd.v:144921: warning: Timing checks are not supported and delayed signal "CLK_delayed" will not be driven.
/usr/local/share/pdk/sky130A/libs.ref/sky130_fd_sc_hd/verilog/sky130_fd_sc_hd.v:144921: warning: Timing checks are not supported and delayed signal "SCD_delayed" will not be driven.
/usr/local/share/pdk/sky130A/libs.ref/sky130_fd_sc_hd/verilog/sky130_fd_sc_hd.v:144922: warning: Timing checks are not supported and delayed signal "CLK_delayed" will not be driven.
/usr/local/share/pdk/sky130A/libs.ref/sky130_fd_sc_hd/verilog/sky130_fd_sc_hd.v:144922: warning: Timing checks are not supported and delayed signal "SCD_delayed" will not be driven.
/usr/local/share/pdk/sky130A/libs.ref/sky130_fd_sc_hd/verilog/sky130_fd_sc_hd.v:144923: warning: Timing checks are not supported and delayed signal "CLK_delayed" will not be driven.
/usr/local/share/pdk/sky130A/libs.ref/sky130_fd_sc_hd/verilog/sky130_fd_sc_hd.v:144923: warning: Timing checks are not supported and delayed signal "SCE_delayed" will not be driven.
/usr/local/share/pdk/sky130A/libs.ref/sky130_fd_sc_hd/verilog/sky130_fd_sc_hd.v:144924: warning: Timing checks are not supported and delayed signal "CLK_delayed" will not be driven.
/usr/local/share/pdk/sky130A/libs.ref/sky130_fd_sc_hd/verilog/sky130_fd_sc_hd.v:144924: warning: Timing checks are not supported and delayed signal "SCE_delayed" will not be driven.
/usr/local/share/pdk/sky130A/libs.ref/sky130_fd_sc_hd/verilog/sky130_fd_sc_hd.v:145318: warning: Timing checks are not supported and delayed signal "CLK_delayed" will not be driven.
/usr/local/share/pdk/sky130A/libs.ref/sky130_fd_sc_hd/verilog/sky130_fd_sc_hd.v:145318: warning: Timing checks are not supported and delayed signal "DE_delayed" will not be driven.
/usr/local/share/pdk/sky130A/libs.ref/sky130_fd_sc_hd/verilog/sky130_fd_sc_hd.v:145319: warning: Timing checks are not supported and delayed signal "CLK_delayed" will not be driven.
/usr/local/share/pdk/sky130A/libs.ref/sky130_fd_sc_hd/verilog/sky130_fd_sc_hd.v:145319: warning: Timing checks are not supported and delayed signal "DE_delayed" will not be driven.
/usr/local/share/pdk/sky130A/libs.ref/sky130_fd_sc_hd/verilog/sky130_fd_sc_hd.v:145320: warning: Timing checks are not supported and delayed signal "CLK_delayed" will not be driven.
/usr/local/share/pdk/sky130A/libs.ref/sky130_fd_sc_hd/verilog/sky130_fd_sc_hd.v:145320: warning: Timing checks are not supported and delayed signal "D_delayed" will not be driven.
/usr/local/share/pdk/sky130A/libs.ref/sky130_fd_sc_hd/verilog/sky130_fd_sc_hd.v:145321: warning: Timing checks are not supported and delayed signal "CLK_delayed" will not be driven.
/usr/local/share/pdk/sky130A/libs.ref/sky130_fd_sc_hd/verilog/sky130_fd_sc_hd.v:145321: warning: Timing checks are not supported and delayed signal "D_delayed" will not be driven.
/usr/local/share/pdk/sky130A/libs.ref/sky130_fd_sc_hd/verilog/sky130_fd_sc_hd.v:145322: warning: Timing checks are not supported and delayed signal "CLK_delayed" will not be driven.
/usr/local/share/pdk/sky130A/libs.ref/sky130_fd_sc_hd/verilog/sky130_fd_sc_hd.v:145322: warning: Timing checks are not supported and delayed signal "SCD_delayed" will not be driven.
/usr/local/share/pdk/sky130A/libs.ref/sky130_fd_sc_hd/verilog/sky130_fd_sc_hd.v:145323: warning: Timing checks are not supported and delayed signal "CLK_delayed" will not be driven.
/usr/local/share/pdk/sky130A/libs.ref/sky130_fd_sc_hd/verilog/sky130_fd_sc_hd.v:145323: warning: Timing checks are not supported and delayed signal "SCD_delayed" will not be driven.
/usr/local/share/pdk/sky130A/libs.ref/sky130_fd_sc_hd/verilog/sky130_fd_sc_hd.v:145324: warning: Timing checks are not supported and delayed signal "CLK_delayed" will not be driven.
/usr/local/share/pdk/sky130A/libs.ref/sky130_fd_sc_hd/verilog/sky130_fd_sc_hd.v:145324: warning: Timing checks are not supported and delayed signal "SCE_delayed" will not be driven.
/usr/local/share/pdk/sky130A/libs.ref/sky130_fd_sc_hd/verilog/sky130_fd_sc_hd.v:145325: warning: Timing checks are not supported and delayed signal "CLK_delayed" will not be driven.
/usr/local/share/pdk/sky130A/libs.ref/sky130_fd_sc_hd/verilog/sky130_fd_sc_hd.v:145325: warning: Timing checks are not supported and delayed signal "SCE_delayed" will not be driven.
/usr/local/share/pdk/sky130A/libs.ref/sky130_fd_sc_hd/verilog/sky130_fd_sc_hd.v:145719: warning: Timing checks are not supported and delayed signal "CLK_delayed" will not be driven.
/usr/local/share/pdk/sky130A/libs.ref/sky130_fd_sc_hd/verilog/sky130_fd_sc_hd.v:145719: warning: Timing checks are not supported and delayed signal "DE_delayed" will not be driven.
/usr/local/share/pdk/sky130A/libs.ref/sky130_fd_sc_hd/verilog/sky130_fd_sc_hd.v:145720: warning: Timing checks are not supported and delayed signal "CLK_delayed" will not be driven.
/usr/local/share/pdk/sky130A/libs.ref/sky130_fd_sc_hd/verilog/sky130_fd_sc_hd.v:145720: warning: Timing checks are not supported and delayed signal "DE_delayed" will not be driven.
/usr/local/share/pdk/sky130A/libs.ref/sky130_fd_sc_hd/verilog/sky130_fd_sc_hd.v:145721: warning: Timing checks are not supported and delayed signal "CLK_delayed" will not be driven.
/usr/local/share/pdk/sky130A/libs.ref/sky130_fd_sc_hd/verilog/sky130_fd_sc_hd.v:145721: warning: Timing checks are not supported and delayed signal "D_delayed" will not be driven.
/usr/local/share/pdk/sky130A/libs.ref/sky130_fd_sc_hd/verilog/sky130_fd_sc_hd.v:145722: warning: Timing checks are not supported and delayed signal "CLK_delayed" will not be driven.
/usr/local/share/pdk/sky130A/libs.ref/sky130_fd_sc_hd/verilog/sky130_fd_sc_hd.v:145722: warning: Timing checks are not supported and delayed signal "D_delayed" will not be driven.
/usr/local/share/pdk/sky130A/libs.ref/sky130_fd_sc_hd/verilog/sky130_fd_sc_hd.v:145723: warning: Timing checks are not supported and delayed signal "CLK_delayed" will not be driven.
/usr/local/share/pdk/sky130A/libs.ref/sky130_fd_sc_hd/verilog/sky130_fd_sc_hd.v:145723: warning: Timing checks are not supported and delayed signal "SCD_delayed" will not be driven.
/usr/local/share/pdk/sky130A/libs.ref/sky130_fd_sc_hd/verilog/sky130_fd_sc_hd.v:145724: warning: Timing checks are not supported and delayed signal "CLK_delayed" will not be driven.
/usr/local/share/pdk/sky130A/libs.ref/sky130_fd_sc_hd/verilog/sky130_fd_sc_hd.v:145724: warning: Timing checks are not supported and delayed signal "SCD_delayed" will not be driven.
/usr/local/share/pdk/sky130A/libs.ref/sky130_fd_sc_hd/verilog/sky130_fd_sc_hd.v:145725: warning: Timing checks are not supported and delayed signal "CLK_delayed" will not be driven.
/usr/local/share/pdk/sky130A/libs.ref/sky130_fd_sc_hd/verilog/sky130_fd_sc_hd.v:145725: warning: Timing checks are not supported and delayed signal "SCE_delayed" will not be driven.
/usr/local/share/pdk/sky130A/libs.ref/sky130_fd_sc_hd/verilog/sky130_fd_sc_hd.v:145726: warning: Timing checks are not supported and delayed signal "CLK_delayed" will not be driven.
/usr/local/share/pdk/sky130A/libs.ref/sky130_fd_sc_hd/verilog/sky130_fd_sc_hd.v:145726: warning: Timing checks are not supported and delayed signal "SCE_delayed" will not be driven.
VCD info: dumpfile gate_activity.vcd opened for output.
GATE_VERIFY_VECTORS=65536
GATE_VERIFY_ERRORS=0
/home/praneel/vlsi/projects/IDP_2/experiments/EXP000_exact_dadda_no_comp/verification/gate_tb.sv:31: $finish called at 65536000 (1ps)
